"STATION","DATE","LATITUDE","LONGITUDE","ELEVATION","NAME","TEMP","TEMP_ATTRIBUTES","DEWP","DEWP_ATTRIBUTES","SLP","SLP_ATTRIBUTES","STP","STP_ATTRIBUTES","VISIB","VISIB_ATTRIBUTES","WDSP","WDSP_ATTRIBUTES","MXSPD","GUST","MAX","MAX_ATTRIBUTES","MIN","MIN_ATTRIBUTES","PRCP","PRCP_ATTRIBUTES","SNDP","FRSHTT"
"72405013743","2014-01-01","38.8472","-77.03454","3.0","WASHINGTON REAGAN NATIONAL AIRPORT, VA US","  37.0","24","  20.6","24","1027.7","24","025.4","24"," 10.0","24","  5.8","24"," 15.9","999.9","  48.9"," ","  30.0"," "," 0.00","G","999.9","000000"
"72405013743","2014-01-02","38.8472","-77.03454","3.0","WASHINGTON REAGAN NATIONAL AIRPORT, VA US","  37.9","24","  31.3","24","1016.9","20","013.4","24","  7.8","24","  4.8","24"," 11.1","999.9","  48.0"," ","  30.0"," "," 0.00","G","999.9","011000"
"72405013743","2014-01-03","38.8472","-77.03454","3.0","WASHINGTON REAGAN NATIONAL AIRPORT, VA US","  25.6","24","  13.8","24","1021.0","18","013.6","24","  6.6","24"," 14.5","24"," 27.0"," 40.0","  39.0"," ","  18.0"," "," 0.34","G","  1.2","101000"
"72405013743","2014-01-04","38.8472","-77.03454","3.0","WASHINGTON REAGAN NATIONAL AIRPORT, VA US","  23.6","24","   7.3","24","1031.9","24","029.8","24"," 10.0","24","  6.7","24"," 12.0","999.9","  34.0"," ","  17.1"," "," 0.00","G","  1.2","000000"
"72405013743","2014-01-05","38.8472","-77.03454","3.0","WASHINGTON REAGAN NATIONAL AIRPORT, VA US","  35.6","24","  26.3","24","1024.8","16","021.0","24","  8.0","24","  4.1","24","  9.9","999.9","  39.9"," ","  17.1"," "," 0.00","G","  1.2","010000"
"72405013743","2014-01-06","38.8472","-77.03454","3.0","WASHINGTON REAGAN NATIONAL AIRPORT, VA US","  41.1","24","  32.7","24","1006.5","16","003.2","24","  6.4","24","  9.8","24"," 22.0"," 35.0","  48.9"," ","  26.1"," "," 0.20","G","  1.2","110000"
"72405013743","2014-01-07","38.8472","-77.03454","3.0","WASHINGTON REAGAN NATIONAL AIRPORT, VA US","  13.7","24"," -10.1","24","1024.0","24","021.8","24"," 10.0","24"," 12.2","24"," 21.0"," 33.0","  26.1","*","   7.0","*"," 0.04","G","999.9","000000"
"72405013743","2014-01-08","38.8472","-77.03454","3.0","WASHINGTON REAGAN NATIONAL AIRPORT, VA US","  20.0","24","  -2.6","24","1033.7","24","031.4","24"," 10.0","24","  5.5","24"," 11.1","999.9","  30.9"," ","   6.1"," "," 0.00","G","999.9","000000"
"72405013743","2014-01-09","38.8472","-77.03454","3.0","WASHINGTON REAGAN NATIONAL AIRPORT, VA US","  32.7","24","  16.7","24","1035.3","24","033.0","24"," 10.0","24","  4.0","24","  7.0","999.9","  39.9","*","  28.4","*"," 0.00","G","999.9","000000"
"72405013743","2014-01-10","38.8472","-77.03454","3.0","WASHINGTON REAGAN NATIONAL AIRPORT, VA US","  34.1","24","  27.1","24","1032.4","17","029.6","24","  5.9","24","  1.9","24","  8.0","999.9","  41.0"," ","  28.0"," "," 0.06","G","999.9","110000"
"72405013743","2014-01-11","38.8472","-77.03454","3.0","WASHINGTON REAGAN NATIONAL AIRPORT, VA US","  42.3","24","  39.6","24","1012.6","11","010.1","24","  3.1","24","  4.6","24"," 14.0"," 29.9","  55.0"," ","  28.0"," "," 0.65","G","999.9","110000"
"72405013743","2014-01-12","38.8472","-77.03454","3.0","WASHINGTON REAGAN NATIONAL AIRPORT, VA US","  50.2","24","  34.4","24","1008.2","24","005.8","24"," 10.0","24","  9.6","24"," 15.0"," 24.1","  57.9"," ","  37.0"," "," 0.73","G","999.9","010000"
"72405013743","2014-01-13","38.8472","-77.03454","3.0","WASHINGTON REAGAN NATIONAL AIRPORT, VA US","  43.3","24","  32.3","24","1018.1","24","015.7","24","  9.7","24","  4.2","24"," 12.0"," 19.0","  61.0"," ","  32.0"," "," 0.00","G","999.9","000000"
"72405013743","2014-01-14","38.8472","-77.03454","3.0","WASHINGTON REAGAN NATIONAL AIRPORT, VA US","  50.0","24","  41.4","24","1010.3","23","007.8","24","  9.3","24","  8.2","24"," 13.0"," 22.9","  61.0"," ","  32.0"," "," 0.08","G","999.9","010000"
"72405013743","2014-01-15","38.8472","-77.03454","3.0","WASHINGTON REAGAN NATIONAL AIRPORT, VA US","  43.1","24","  38.9","24","1013.3","13","011.1","24","  5.2","24","  5.1","24"," 19.0"," 24.1","  54.0"," ","  39.0"," "," 0.27","G","999.9","100000"
"72405013743","2014-01-16","38.8472","-77.03454","3.0","WASHINGTON REAGAN NATIONAL AIRPORT, VA US","  39.2","24","  22.4","24","1014.8","24","012.5","24","  9.8","24","  9.1","24"," 19.0"," 21.0","  50.0"," ","  35.1"," "," 0.00","G","999.9","011000"
"72405013743","2014-01-17","38.8472","-77.03454","3.0","WASHINGTON REAGAN NATIONAL AIRPORT, VA US","  38.1","24","  25.4","24","1014.0","24","011.7","24"," 10.0","24","  5.7","24","  9.9","999.9","  48.9"," ","  30.9"," "," 0.00","G","999.9","000000"
"72405013743","2014-01-18","38.8472","-77.03454","3.0","WASHINGTON REAGAN NATIONAL AIRPORT, VA US","  35.0","24","  19.6","24","1012.5","23","010.0","24"," 10.0","24"," 11.0","24"," 18.1"," 28.0","  48.9"," ","  28.0"," "," 0.00","G","999.9","011000"
"72405013743","2014-01-19","38.8472","-77.03454","3.0","WASHINGTON REAGAN NATIONAL AIRPORT, VA US","  33.5","24","  14.2","24","1012.1","24","009.9","24"," 10.0","24","  6.8","24"," 15.0"," 21.0","  51.1"," ","  25.0"," "," 0.00","G","999.9","000000"
"72405013743","2014-01-20","38.8472","-77.03454","3.0","WASHINGTON REAGAN NATIONAL AIRPORT, VA US","  45.8","24","  24.6","24","1006.8","24","004.5","24"," 10.0","24","  7.9","24"," 15.9"," 22.0","  59.0"," ","  25.0"," "," 0.00","G","999.9","000000"
"72405013743","2014-01-21","38.8472","-77.03454","3.0","WASHINGTON REAGAN NATIONAL AIRPORT, VA US","  35.7","24","  24.5","24","1011.2","17","008.3","24","  7.0","24"," 10.4","24"," 22.9"," 29.9","  59.0"," ","  24.1"," "," 0.00","G","  3.1","001000"
"72405013743","2014-01-22","38.8472","-77.03454","3.0","WASHINGTON REAGAN NATIONAL AIRPORT, VA US","  15.4","24","  -0.0","24","1015.0","24","012.6","24","  8.2","24"," 15.8","24"," 24.1"," 29.9","  24.1","*","   9.0","*"," 0.18","G","  3.1","001000"
"72405013743","2014-01-23","38.8472","-77.03454","3.0","WASHINGTON REAGAN NATIONAL AIRPORT, VA US","  18.9","24","   0.0","24","1022.4","24","019.9","24"," 10.0","24","  7.6","24"," 15.0"," 24.1","  28.0"," ","   9.0"," "," 0.00","G","  3.1","001000"
"72405013743","2014-01-24","38.8472","-77.03454","3.0","WASHINGTON REAGAN NATIONAL AIRPORT, VA US","  17.3","24","  -3.8","24","1031.4","24","029.1","24"," 10.0","24","  8.7","24"," 15.0"," 22.0","  28.0"," ","  10.9"," "," 0.00","G","  2.0","000000"
"72405013743","2014-01-25","38.8472","-77.03454","3.0","WASHINGTON REAGAN NATIONAL AIRPORT, VA US","  25.7","24","   3.6","24","1010.9","24","008.7","24"," 10.0","24"," 15.3","24"," 21.0"," 28.0","  34.0"," ","  10.9"," "," 0.00","G","  2.0","000000"
"72405013743","2014-01-26","38.8472","-77.03454","3.0","WASHINGTON REAGAN NATIONAL AIRPORT, VA US","  29.2","24","  10.2","24","1008.9","24","006.6","24"," 10.0","24","  7.2","24"," 15.9"," 22.9","  35.6","*","  21.0","*"," 0.00","G","  1.2","001000"
"72405013743","2014-01-27","38.8472","-77.03454","3.0","WASHINGTON REAGAN NATIONAL AIRPORT, VA US","  37.7","24","  19.3","24","1008.3","24","006.0","24"," 10.0","24","  9.6","24"," 22.9"," 29.9","  54.0"," ","  19.0"," "," 0.00","G","  1.2","000000"
"72405013743","2014-01-28","38.8472","-77.03454","3.0","WASHINGTON REAGAN NATIONAL AIRPORT, VA US","  19.7","24","  -4.6","24","1026.5","24","024.3","24"," 10.0","24"," 11.8","24"," 20.0"," 25.1","  28.9","*","  14.0","*"," 0.00","G","999.9","000000"
"72405013743","2014-01-29","38.8472","-77.03454","3.0","WASHINGTON REAGAN NATIONAL AIRPORT, VA US","  18.3","24","  -0.6","24","1026.0","21","023.6","24","  8.3","24","  8.4","24"," 15.9"," 21.0","  26.1"," ","  12.9"," "," 0.03","G","  1.2","001000"
"72405013743","2014-01-30","38.8472","-77.03454","3.0","WASHINGTON REAGAN NATIONAL AIRPORT, VA US","  24.2","24","   0.7","24","1029.4","24","027.2","24"," 10.0","24","  5.5","24"," 11.1"," 15.0","  34.0"," ","  12.9"," "," 0.00","I","  1.2","000000"
"72405013743","2014-01-31","38.8472","-77.03454","3.0","WASHINGTON REAGAN NATIONAL AIRPORT, VA US","  32.9","24","  11.5","24","1022.2","24","019.9","24"," 10.0","24","  4.2","24","  8.0","999.9","  51.1"," ","  16.0"," "," 0.00","G","999.9","000000"
"72405013743","2014-02-01","38.8472","-77.03454","3.0","WASHINGTON REAGAN NATIONAL AIRPORT, VA US","  39.2","24","  19.6","24","1023.9","24","021.6","24"," 10.0","24","  2.7","24","  8.9","999.9","  53.1"," ","  25.0"," "," 0.00","G","999.9","000000"
"72405013743","2014-02-02","38.8472","-77.03454","3.0","WASHINGTON REAGAN NATIONAL AIRPORT, VA US","  46.2","24","  29.0","24","1015.9","24","013.6","24"," 10.0","24","  1.9","24","  7.0","999.9","  64.0"," ","  28.0"," "," 0.00","G","999.9","000000"
"72405013743","2014-02-03","38.8472","-77.03454","3.0","WASHINGTON REAGAN NATIONAL AIRPORT, VA US","  43.0","24","  34.9","24","1018.5","17","016.2","24","  7.3","24"," 10.6","24"," 15.0"," 21.0","  64.0"," ","  34.0"," "," 0.70","G","999.9","011000"
"72405013743","2014-02-04","38.8472","-77.03454","3.0","WASHINGTON REAGAN NATIONAL AIRPORT, VA US","  34.6","24","  23.6","24","1028.9","24","026.6","24"," 10.0","24","  6.3","24"," 13.0","999.9","  50.0"," ","  30.0"," "," 0.78","G","999.9","000000"
"72405013743","2014-02-05","38.8472","-77.03454","3.0","WASHINGTON REAGAN NATIONAL AIRPORT, VA US","  35.5","24","  29.8","24","1015.4","15","012.9","24","  7.1","24","  6.2","24","  8.9","999.9","  39.9"," ","  30.0"," "," 0.28","G","999.9","010000"
"72405013743","2014-02-06","38.8472","-77.03454","3.0","WASHINGTON REAGAN NATIONAL AIRPORT, VA US","  34.7","24","  17.8","24","1023.1","24","020.8","24"," 10.0","24"," 12.4","24"," 26.0"," 35.0","  44.1","*","  30.0","*"," 0.10","G","999.9","000000"
"72405013743","2014-02-07","38.8472","-77.03454","3.0","WASHINGTON REAGAN NATIONAL AIRPORT, VA US","  36.0","24","  18.1","24","1026.6","24","024.3","24"," 10.0","24","  4.8","24","  9.9","999.9","  44.1"," ","  28.9"," "," 0.00","G","999.9","000000"
"72405013743","2014-02-08","38.8472","-77.03454","3.0","WASHINGTON REAGAN NATIONAL AIRPORT, VA US","  33.2","24","  13.6","24","1026.8","24","024.5","24","  9.9","24","  5.3","24","  9.9","999.9","  44.1"," ","  28.9"," "," 0.00","G","999.9","001000"
"72405013743","2014-02-09","38.8472","-77.03454","3.0","WASHINGTON REAGAN NATIONAL AIRPORT, VA US","  32.0","24","  19.1","24","1021.7","23","019.1","24","  9.6","24","  3.6","24","  9.9","999.9","  37.0"," ","  28.9"," "," 0.00","G","999.9","011000"
"72405013743","2014-02-10","38.8472","-77.03454","3.0","WASHINGTON REAGAN NATIONAL AIRPORT, VA US","  31.8","24","  17.1","24","1021.6","24","019.1","24","  9.3","24","  8.9","24"," 15.0"," 21.0","  36.0"," ","  27.0"," "," 0.00","G","999.9","001000"
"72405013743","2014-02-11","38.8472","-77.03454","3.0","WASHINGTON REAGAN NATIONAL AIRPORT, VA US","  27.4","24","   7.8","24","1028.9","24","026.7","24"," 10.0","24","  7.5","24"," 12.0","999.9","  35.1"," ","  21.9"," "," 0.00","G","999.9","000000"
"72405013743","2014-02-12","38.8472","-77.03454","3.0","WASHINGTON REAGAN NATIONAL AIRPORT, VA US","  25.4","24","   8.0","24","1032.1","24","029.9","24"," 10.0","24","  7.5","24"," 11.1","999.9","  35.1"," ","  19.0"," "," 0.00","G","999.9","001000"
"72405013743","2014-02-13","38.8472","-77.03454","3.0","WASHINGTON REAGAN NATIONAL AIRPORT, VA US","  32.7","24","  27.5","24","1012.0"," 8","007.1","24","  2.7","24"," 14.5","24"," 21.0"," 32.1","  37.9"," ","  19.0"," "," 1.05","G","  3.9","011000"
"72405013743","2014-02-14","38.8472","-77.03454","3.0","WASHINGTON REAGAN NATIONAL AIRPORT, VA US","  40.7","24","  25.6","24","1000.9","21","997.1","24","  8.9","24","  9.3","24"," 17.1"," 31.1","  52.0"," ","  27.0"," "," 0.65","G","  3.1","001000"
"72405013743","2014-02-15","38.8472","-77.03454","3.0","WASHINGTON REAGAN NATIONAL AIRPORT, VA US","  38.4","24","  27.5","24","1005.5","18","003.1","24","  8.6","24","  9.2","24"," 22.0"," 35.0","  52.0"," ","  33.1"," "," 0.01","G","  2.0","011000"
"72405013743","2014-02-16","38.8472","-77.03454","3.0","WASHINGTON REAGAN NATIONAL AIRPORT, VA US","  32.2","24","  12.9","24","1016.0","24","013.7","24"," 10.0","24","  8.2","24"," 17.1"," 25.1","  39.9"," ","  27.0"," "," 0.06","G","  1.2","000000"
"72405013743","2014-02-17","38.8472","-77.03454","3.0","WASHINGTON REAGAN NATIONAL AIRPORT, VA US","  31.4","24","  13.0","24","1026.9","24","024.6","24"," 10.0","24","  5.9","24"," 12.0","999.9","  37.9"," ","  25.0"," "," 0.00","G","  1.2","000000"
"72405013743","2014-02-18","38.8472","-77.03454","3.0","WASHINGTON REAGAN NATIONAL AIRPORT, VA US","  38.4","24","  22.3","24","1020.6","22","018.7","24","  9.1","24","  8.4","24"," 15.9"," 21.0","  57.9"," ","  25.0"," "," 0.06","G","  1.2","001000"
"72405013743","2014-02-19","38.8472","-77.03454","3.0","WASHINGTON REAGAN NATIONAL AIRPORT, VA US","  45.1","24","  34.8","24","1013.8","22","010.8","24","  9.7","24","  6.2","24"," 14.0"," 22.9","  63.0"," ","  30.0"," "," 0.12","C","  1.2","010000"
"72405013743","2014-02-20","38.8472","-77.03454","3.0","WASHINGTON REAGAN NATIONAL AIRPORT, VA US","  48.5","24","  29.4","24","1021.2","24","018.8","24"," 10.0","24","  5.3","24"," 13.0"," 21.0","  63.0"," ","  35.1"," "," 0.00","A","999.9","000000"
"72405013743","2014-02-21","38.8472","-77.03454","3.0","WASHINGTON REAGAN NATIONAL AIRPORT, VA US","  50.5","24","  40.6","24","1011.6","19","008.9","24","  9.8","24","  4.2","24"," 22.9"," 36.9","  69.1"," ","  37.0"," "," 0.00","G","999.9","010000"
"72405013743","2014-02-22","38.8472","-77.03454","3.0","WASHINGTON REAGAN NATIONAL AIRPORT, VA US","  46.5","24","  32.1","24","1017.0","24","014.7","24"," 10.0","24","  5.8","24"," 14.0"," 22.0","  69.1"," ","  34.0"," "," 0.03","G","999.9","100000"
"72405013743","2014-02-23","38.8472","-77.03454","3.0","WASHINGTON REAGAN NATIONAL AIRPORT, VA US","  52.0","24","  29.3","24","1015.6","24","013.3","24"," 10.0","24","  6.5","24"," 12.0","999.9","  64.0"," ","  34.0"," "," 0.00","G","999.9","000000"
"72405013743","2014-02-24","38.8472","-77.03454","3.0","WASHINGTON REAGAN NATIONAL AIRPORT, VA US","  44.8","24","  21.0","24","1015.7","24","013.4","24"," 10.0","24"," 13.0","24"," 21.0"," 28.9","  64.0"," ","  39.0"," "," 0.00","G","999.9","000000"
"72405013743","2014-02-25","38.8472","-77.03454","3.0","WASHINGTON REAGAN NATIONAL AIRPORT, VA US","  35.0","24","  16.9","24","1019.4","21","017.4","24","  8.2","24","  4.4","24","  8.9","999.9","  48.0"," ","  30.0"," "," 0.00","G","  3.1","001000"
"72405013743","2014-02-26","38.8472","-77.03454","3.0","WASHINGTON REAGAN NATIONAL AIRPORT, VA US","  33.3","24","  17.6","24","1014.9","21","012.8","24","  8.2","24","  7.5","24"," 17.1"," 22.9","  39.0"," ","  30.0"," "," 0.11","G","999.9","001000"
"72405013743","2014-02-27","38.8472","-77.03454","3.0","WASHINGTON REAGAN NATIONAL AIRPORT, VA US","  31.8","24","   8.5","24","1009.3","24","007.1","24"," 10.0","24"," 10.1","24"," 22.9"," 32.1","  43.0"," ","  25.0"," "," 0.07","G","999.9","000000"
"72405013743","2014-02-28","38.8472","-77.03454","3.0","WASHINGTON REAGAN NATIONAL AIRPORT, VA US","  23.0","24","  -3.9","24","1025.4","24","023.1","24"," 10.0","24"," 11.0","24"," 25.1"," 31.1","  43.0"," ","  14.0"," "," 0.00","G","999.9","000000"
"72405013743","2014-03-01","38.8472","-77.03454","3.0","WASHINGTON REAGAN NATIONAL AIRPORT, VA US","  30.7","24","   9.2","24","1027.8","24","025.6","24"," 10.0","24","  4.2","24","  9.9","999.9","  46.0"," ","  14.0"," "," 0.00","G","999.9","000000"
"72405013743","2014-03-02","38.8472","-77.03454","3.0","WASHINGTON REAGAN NATIONAL AIRPORT, VA US","  42.2","24","  27.7","24","1019.2","23","017.1","24","  9.2","24","  3.9","24"," 12.0","999.9","  53.1"," ","  23.0"," "," 0.00","G","999.9","010000"
"72405013743","2014-03-03","38.8472","-77.03454","3.0","WASHINGTON REAGAN NATIONAL AIRPORT, VA US","  29.5","24","  21.9","24","1022.8","12","018.3","24","  3.8","24"," 12.5","24"," 22.9"," 27.0","  53.1"," ","  19.0"," "," 0.63","G","  3.9","011000"
"72405013743","2014-03-04","38.8472","-77.03454","3.0","WASHINGTON REAGAN NATIONAL AIRPORT, VA US","  21.7","24","   2.5","24","1028.4","24","026.2","24"," 10.0","24","  5.9","24"," 15.0","999.9","  37.9"," ","  14.0"," "," 0.15","G","  2.0","000000"
"72405013743","2014-03-05","38.8472","-77.03454","3.0","WASHINGTON REAGAN NATIONAL AIRPORT, VA US","  32.5","24","  13.8","24","1024.4","24","022.1","24"," 10.0","24","  3.0","24","  9.9","999.9","  46.0"," ","  14.0"," "," 0.00","G","  1.2","000000"
"72405013743","2014-03-06","38.8472","-77.03454","3.0","WASHINGTON REAGAN NATIONAL AIRPORT, VA US","  32.6","24","  15.2","24","1031.6","24","029.3","24"," 10.0","24"," 10.5","24"," 15.9"," 22.0","  46.0"," ","  24.1"," "," 0.00","G","  2.0","000000"
"72405013743","2014-03-07","38.8472","-77.03454","3.0","WASHINGTON REAGAN NATIONAL AIRPORT, VA US","  36.4","24","  24.1","24","1023.6","23","021.8","24"," 10.0","24"," 11.1","24"," 14.0"," 20.0","  46.0"," ","  26.1"," "," 0.00","G","999.9","000000"
"72405013743","2014-03-08","38.8472","-77.03454","3.0","WASHINGTON REAGAN NATIONAL AIRPORT, VA US","  45.0","24","  28.7","24","1014.1","24","011.8","24","  9.9","24","  6.9","24"," 11.1"," 14.0","  66.9"," ","  30.9"," "," 0.00","G","999.9","000000"
"72405013743","2014-03-09","38.8472","-77.03454","3.0","WASHINGTON REAGAN NATIONAL AIRPORT, VA US","  49.0","24","  28.6","24","1016.3","24","014.0","24"," 10.0","24","  8.1","24"," 17.1"," 26.0","  66.9"," ","  32.0"," "," 0.00","G","999.9","000000"
"72405013743","2014-03-10","38.8472","-77.03454","3.0","WASHINGTON REAGAN NATIONAL AIRPORT, VA US","  46.7","24","  25.9","24","1012.7","24","010.3","24"," 10.0","24","  7.5","24"," 18.1"," 22.9","  61.0"," ","  39.0"," "," 0.00","G","999.9","000000"
"72405013743","2014-03-11","38.8472","-77.03454","3.0","WASHINGTON REAGAN NATIONAL AIRPORT, VA US","  54.2","24","  34.6","24","1005.2","24","002.9","24"," 10.0","24","  4.2","24","  8.0","999.9","  72.0"," ","  39.0"," "," 0.00","G","999.9","000000"
"72405013743","2014-03-12","38.8472","-77.03454","3.0","WASHINGTON REAGAN NATIONAL AIRPORT, VA US","  55.9","24","  42.3","24"," 997.5","22","994.2","24","  9.7","24","  7.1","24"," 22.9"," 38.1","  72.0"," ","  44.1"," "," 0.00","G","999.9","010000"
"72405013743","2014-03-13","38.8472","-77.03454","3.0","WASHINGTON REAGAN NATIONAL AIRPORT, VA US","  33.5","24","   8.3","24","1008.0","23","004.5","24"," 10.0","24"," 20.2","24"," 31.1"," 41.0","  60.1","*","  24.1","*"," 0.04","G","999.9","000000"
"72405013743","2014-03-14","38.8472","-77.03454","3.0","WASHINGTON REAGAN NATIONAL AIRPORT, VA US","  39.5","24","  12.1","24","1021.3","24","019.2","24"," 10.0","24","  8.8","24"," 17.1"," 22.9","  60.1"," ","  23.0"," "," 0.00","G","999.9","000000"
"72405013743","2014-03-15","38.8472","-77.03454","3.0","WASHINGTON REAGAN NATIONAL AIRPORT, VA US","  57.9","24","  23.6","24","1012.3","24","009.9","24"," 10.0","24"," 11.3","24"," 18.1"," 25.1","  69.1","*","  50.0","*"," 0.00","G","999.9","000000"
"72405013743","2014-03-16","38.8472","-77.03454","3.0","WASHINGTON REAGAN NATIONAL AIRPORT, VA US","  46.5","24","  23.6","24","1019.9","23","017.6","24"," 10.0","24","  7.8","24"," 17.1"," 22.0","  70.0"," ","  35.1"," "," 0.00","G","999.9","011000"
"72405013743","2014-03-17","38.8472","-77.03454","3.0","WASHINGTON REAGAN NATIONAL AIRPORT, VA US","  29.7","24","  23.4","24","1017.8","13","015.5","24","  4.4","24"," 12.0","24"," 15.9"," 22.0","  35.6","*","  26.6","*"," 0.67","G","  5.9","101000"
"72405013743","2014-03-18","38.8472","-77.03454","3.0","WASHINGTON REAGAN NATIONAL AIRPORT, VA US","  35.3","24","  21.7","24","1021.2","23","018.6","24"," 10.0","24","  8.4","24"," 13.0","999.9","  43.0"," ","  27.0"," "," 0.35","G","  1.2","000000"
"72405013743","2014-03-19","38.8472","-77.03454","3.0","WASHINGTON REAGAN NATIONAL AIRPORT, VA US","  40.3","24","  31.4","24","1022.5","19","019.3","24","  7.9","24","  4.8","24","  8.9","999.9","  44.1"," ","  30.9"," "," 0.00","G","  5.9","010000"
"72405013743","2014-03-20","38.8472","-77.03454","3.0","WASHINGTON REAGAN NATIONAL AIRPORT, VA US","  49.1","24","  34.5","24","1012.2","20","009.8","24","  6.4","24","  8.2","24"," 18.1"," 27.0","  61.0"," ","  35.1"," "," 0.37","G","999.9","110000"
"72405013743","2014-03-21","38.8472","-77.03454","3.0","WASHINGTON REAGAN NATIONAL AIRPORT, VA US","  50.0","24","  29.5","24","1017.6","24","015.2","24"," 10.0","24","  5.6","24"," 11.1"," 20.0","  61.0"," ","  43.0"," "," 0.00","G","999.9","000000"
"72405013743","2014-03-22","38.8472","-77.03454","3.0","WASHINGTON REAGAN NATIONAL AIRPORT, VA US","  54.0","24","  35.3","24","1013.3","24","011.0","24","  9.9","24","  5.9","24"," 13.0"," 18.1","  73.0"," ","  44.1"," "," 0.00","G","999.9","000000"
"72405013743","2014-03-23","38.8472","-77.03454","3.0","WASHINGTON REAGAN NATIONAL AIRPORT, VA US","  48.1","24","  26.7","24","1017.5","24","015.2","24"," 10.0","24"," 10.4","24"," 18.1"," 22.0","  73.0"," ","  42.1"," "," 0.00","G","999.9","000000"
"72405013743","2014-03-24","38.8472","-77.03454","3.0","WASHINGTON REAGAN NATIONAL AIRPORT, VA US","  35.1","24","   8.4","24","1023.7","24","021.4","24"," 10.0","24"," 10.4","24"," 18.1"," 26.0","  52.0"," ","  26.1"," "," 0.00","G","999.9","000000"
"72405013743","2014-03-25","38.8472","-77.03454","3.0","WASHINGTON REAGAN NATIONAL AIRPORT, VA US","  34.7","24","  22.8","24","1018.5","19","015.6","24","  6.5","24","  4.8","24"," 11.1","999.9","  43.0"," ","  26.1"," "," 0.00","G","  1.2","001000"
"72405013743","2014-03-26","38.8472","-77.03454","3.0","WASHINGTON REAGAN NATIONAL AIRPORT, VA US","  34.1","24","  18.3","24","1017.8","21","014.7","24","  8.9","24"," 14.6","24"," 24.1"," 35.0","  39.0"," ","  30.0"," "," 0.29","G","999.9","001000"
"72405013743","2014-03-27","38.8472","-77.03454","3.0","WASHINGTON REAGAN NATIONAL AIRPORT, VA US","  37.4","24","  12.5","24","1028.3","24","026.0","24"," 10.0","24","  6.3","24"," 13.0"," 18.1","  52.0"," ","  27.0"," "," 0.00","G","999.9","000000"
"72405013743","2014-03-28","38.8472","-77.03454","3.0","WASHINGTON REAGAN NATIONAL AIRPORT, VA US","  53.2","24","  38.7","24","1020.0","24","017.6","24","  9.9","24"," 12.7","24"," 20.0"," 27.0","  68.0","*","  44.1","*"," 0.00","G","999.9","010000"
"72405013743","2014-03-29","38.8472","-77.03454","3.0","WASHINGTON REAGAN NATIONAL AIRPORT, VA US","  58.3","24","  52.9","24","1017.6","13","013.0","24","  6.1","24","  5.7","24"," 14.0","999.9","  68.0"," ","  46.0"," "," 0.09","G","999.9","110000"
"72405013743","2014-03-30","38.8472","-77.03454","3.0","WASHINGTON REAGAN NATIONAL AIRPORT, VA US","  48.2","24","  43.2","24","1002.9","15","000.1","24","  7.1","24"," 12.4","24"," 22.9"," 29.9","  63.0","*","  35.6","*"," 1.14","G","999.9","011000"
"72405013743","2014-03-31","38.8472","-77.03454","3.0","WASHINGTON REAGAN NATIONAL AIRPORT, VA US","  51.5","24","  32.0","24","1013.6","24","011.2","24"," 10.0","24"," 14.3","24"," 18.1"," 29.9","  66.9"," ","  36.0"," "," 0.88","G","999.9","010000"
"72405013743","2014-04-01","38.8472","-77.03454","3.0","WASHINGTON REAGAN NATIONAL AIRPORT, VA US","  54.6","24","  31.6","24","1019.2","24","016.9","24"," 10.0","24","  6.0","24","  9.9","999.9","  66.9"," ","  43.0"," "," 0.00","G","999.9","000000"
"72405013743","2014-04-02","38.8472","-77.03454","3.0","WASHINGTON REAGAN NATIONAL AIRPORT, VA US","  54.4","24","  40.7","24","1017.8","24","015.4","24"," 10.0","24","  4.1","24","  8.0","999.9","  69.1"," ","  44.1"," "," 0.00","G","999.9","000000"
"72405013743","2014-04-03","38.8472","-77.03454","3.0","WASHINGTON REAGAN NATIONAL AIRPORT, VA US","  59.7","24","  45.2","24","1018.2","24","015.8","24"," 10.0","24","  3.1","24","  9.9","999.9","  69.1"," ","  45.0"," "," 0.00","G","999.9","010000"
"72405013743","2014-04-04","38.8472","-77.03454","3.0","WASHINGTON REAGAN NATIONAL AIRPORT, VA US","  55.8","24","  43.6","24","1012.4","24","010.1","24"," 10.0","24","  7.1","24"," 11.1","999.9","  69.1"," ","  50.0"," "," 0.00","G","999.9","000000"
"72405013743","2014-04-05","38.8472","-77.03454","3.0","WASHINGTON REAGAN NATIONAL AIRPORT, VA US","  54.1","24","  38.3","24","1012.4","23","009.4","24","  8.4","24"," 10.2","24"," 18.1"," 27.0","  63.0"," ","  48.0"," "," 0.06","G","999.9","010000"
"72405013743","2014-04-06","38.8472","-77.03454","3.0","WASHINGTON REAGAN NATIONAL AIRPORT, VA US","  49.7","24","  22.3","24","1022.7","24","020.3","24"," 10.0","24","  5.9","24"," 12.0"," 19.0","  63.0"," ","  39.0"," "," 0.00","G","999.9","000000"
"72405013743","2014-04-07","38.8472","-77.03454","3.0","WASHINGTON REAGAN NATIONAL AIRPORT, VA US","  48.5","24","  35.3","24","1019.7","18","015.4","24","  7.9","24","  6.3","24"," 12.0","999.9","  63.0"," ","  39.0"," "," 0.00","G","999.9","010000"
"72405013743","2014-04-08","38.8472","-77.03454","3.0","WASHINGTON REAGAN NATIONAL AIRPORT, VA US","  57.8","24","  47.2","24","1002.5","18","999.8","24","  7.1","24","  8.2","24"," 18.1"," 26.0","  68.0"," ","  42.1"," "," 0.42","G","999.9","010000"
"72405013743","2014-04-09","38.8472","-77.03454","3.0","WASHINGTON REAGAN NATIONAL AIRPORT, VA US","  56.8","24","  35.2","24","1008.1","24","005.7","24"," 10.0","24","  7.5","24"," 18.1"," 27.0","  69.1"," ","  44.1"," "," 0.04","G","999.9","000000"
"72405013743","2014-04-10","38.8472","-77.03454","3.0","WASHINGTON REAGAN NATIONAL AIRPORT, VA US","  59.2","24","  32.1","24","1019.6","24","017.3","24"," 10.0","24","  7.6","24"," 19.0"," 26.0","  72.0"," ","  44.1"," "," 0.00","G","999.9","000000"
"72405013743","2014-04-11","38.8472","-77.03454","3.0","WASHINGTON REAGAN NATIONAL AIRPORT, VA US","  67.7","24","  40.8","24","1016.5","24","014.2","24"," 10.0","24"," 10.7","24"," 20.0"," 27.0","  80.1","*","  61.0","*"," 0.00","G","999.9","000000"
"72405013743","2014-04-12","38.8472","-77.03454","3.0","WASHINGTON REAGAN NATIONAL AIRPORT, VA US","  66.6","24","  44.9","24","1020.7","24","018.4","24"," 10.0","24","  5.0","24"," 11.1","999.9","  82.0"," ","  57.0"," "," 0.00","G","999.9","010000"
"72405013743","2014-04-13","38.8472","-77.03454","3.0","WASHINGTON REAGAN NATIONAL AIRPORT, VA US","  69.0","24","  51.0","24","1019.5","24","017.1","24"," 10.0","24","  8.8","24"," 15.9"," 24.1","  84.9"," ","  55.0"," "," 0.00","G","999.9","000000"
"72405013743","2014-04-14","38.8472","-77.03454","3.0","WASHINGTON REAGAN NATIONAL AIRPORT, VA US","  72.1","24","  55.0","24","1014.4","24","012.1","24"," 10.0","24"," 15.1","24"," 22.9"," 29.9","  84.9"," ","  55.0"," "," 0.00","G","999.9","000000"
"72405013743","2014-04-15","38.8472","-77.03454","3.0","WASHINGTON REAGAN NATIONAL AIRPORT, VA US","  64.5","24","  56.0","24","1008.0","14","003.8","24","  8.2","24"," 10.8","24"," 22.9"," 32.1","  80.1"," ","  41.0"," "," 0.10","G","999.9","011000"
"72405013743","2014-04-16","38.8472","-77.03454","3.0","WASHINGTON REAGAN NATIONAL AIRPORT, VA US","  41.0","24","  19.9","24","1026.2","23","022.7","24","  9.8","24"," 13.9","24"," 24.1"," 29.9","  51.1","*","  34.0","*"," 1.43","G","999.9","011000"
"72405013743","2014-04-17","38.8472","-77.03454","3.0","WASHINGTON REAGAN NATIONAL AIRPORT, VA US","  46.8","24","  27.9","24","1035.7","24","033.3","24"," 10.0","24","  7.6","24"," 13.0"," 15.9","  55.9"," ","  34.0"," "," 0.00","G","999.9","000000"
"72405013743","2014-04-18","38.8472","-77.03454","3.0","WASHINGTON REAGAN NATIONAL AIRPORT, VA US","  46.2","24","  31.9","24","1032.1","21","030.1","24"," 10.0","24","  4.6","24"," 12.0","999.9","  57.0"," ","  39.0"," "," 0.00","G","999.9","000000"
"72405013743","2014-04-19","38.8472","-77.03454","3.0","WASHINGTON REAGAN NATIONAL AIRPORT, VA US","  56.0","24","  36.7","24","1025.2","24","022.8","24"," 10.0","24","  4.5","24","  8.9","999.9","  71.1"," ","  39.0"," "," 0.00","G","999.9","000000"
"72405013743","2014-04-20","38.8472","-77.03454","3.0","WASHINGTON REAGAN NATIONAL AIRPORT, VA US","  57.8","24","  35.8","24","1027.7","24","025.4","24"," 10.0","24","  8.0","24"," 12.0"," 15.9","  71.1"," ","  46.9"," "," 0.00","G","999.9","000000"
"72405013743","2014-04-21","38.8472","-77.03454","3.0","WASHINGTON REAGAN NATIONAL AIRPORT, VA US","  55.1","24","  32.6","24","1022.3","24","020.0","24"," 10.0","24","  4.4","24","  9.9","999.9","  70.0"," ","  43.0"," "," 0.00","G","999.9","000000"
"72405013743","2014-04-22","38.8472","-77.03454","3.0","WASHINGTON REAGAN NATIONAL AIRPORT, VA US","  60.8","24","  48.7","24","1007.8","24","005.6","24","  9.9","24","  6.9","24"," 15.0"," 21.0","  72.0"," ","  43.0"," "," 0.00","G","999.9","010000"
"72405013743","2014-04-23","38.8472","-77.03454","3.0","WASHINGTON REAGAN NATIONAL AIRPORT, VA US","  57.8","24","  38.7","24","1007.6","24","005.3","24"," 10.0","24"," 14.3","24"," 21.0"," 32.1","  72.0"," ","  51.1"," "," 0.03","G","999.9","000000"
"72405013743","2014-04-24","38.8472","-77.03454","3.0","WASHINGTON REAGAN NATIONAL AIRPORT, VA US","  54.0","24","  26.0","24","1017.4","24","015.0","24"," 10.0","24","  9.3","24"," 14.0"," 20.0","  66.0"," ","  45.0"," "," 0.00","G","999.9","000000"
"72405013743","2014-04-25","38.8472","-77.03454","3.0","WASHINGTON REAGAN NATIONAL AIRPORT, VA US","  58.5","24","  36.5","24","1014.0","24","011.8","24","  9.7","24","  6.2","24"," 15.9"," 22.0","  69.1"," ","  45.0"," "," 0.00","G","999.9","010010"
"72405013743","2014-04-26","38.8472","-77.03454","3.0","WASHINGTON REAGAN NATIONAL AIRPORT, VA US","  61.8","24","  44.9","24","1009.0","24","006.7","24","  9.4","24","  8.6","24"," 15.9"," 26.0","  78.1"," ","  48.0"," "," 0.39","G","999.9","010000"
"72405013743","2014-04-27","38.8472","-77.03454","3.0","WASHINGTON REAGAN NATIONAL AIRPORT, VA US","  61.3","24","  36.8","24","1015.7","24","013.1","24","  9.9","24","  9.4","24"," 17.1"," 28.9","  78.1"," ","  50.0"," "," 0.02","G","999.9","010000"
"72405013743","2014-04-28","38.8472","-77.03454","3.0","WASHINGTON REAGAN NATIONAL AIRPORT, VA US","  57.3","24","  39.5","24","1018.7","24","016.4","24"," 10.0","24","  5.3","24"," 11.1","999.9","  70.0"," ","  50.0"," "," 0.00","G","999.9","010000"
"72405013743","2014-04-29","38.8472","-77.03454","3.0","WASHINGTON REAGAN NATIONAL AIRPORT, VA US","  51.0","24","  46.0","24","1020.0","14","017.9","24","  5.9","24","  7.2","24"," 15.0"," 21.0","  53.1","*","  48.2","*"," 0.11","G","999.9","010000"
"72405013743","2014-04-30","38.8472","-77.03454","3.0","WASHINGTON REAGAN NATIONAL AIRPORT, VA US","  55.5","24","  52.4","24","1019.0","10","016.0","24","  4.9","24","  8.5","24"," 15.0"," 25.1","  64.0"," ","  44.1"," "," 1.63","G","999.9","110010"
"72405013743","2014-05-01","38.8472","-77.03454","3.0","WASHINGTON REAGAN NATIONAL AIRPORT, VA US","  66.8","24","  58.4","24","1009.1","21","007.3","24","  9.3","24","  5.8","24"," 14.0"," 18.1","  77.0"," ","  52.0"," "," 2.44","G","999.9","110000"
"72405013743","2014-05-02","38.8472","-77.03454","3.0","WASHINGTON REAGAN NATIONAL AIRPORT, VA US","  64.8","24","  39.7","24","1009.8","24","007.5","24"," 10.0","24","  8.3","24"," 15.9"," 25.1","  77.0"," ","  55.0"," "," 0.16","G","999.9","010000"
"72405013743","2014-05-03","38.8472","-77.03454","3.0","WASHINGTON REAGAN NATIONAL AIRPORT, VA US","  64.7","24","  42.3","24","1010.8","24","008.6","24"," 10.0","24","  4.8","24"," 12.0"," 15.9","  73.9"," ","  55.0"," "," 0.00","G","999.9","010000"
"72405013743","2014-05-04","38.8472","-77.03454","3.0","WASHINGTON REAGAN NATIONAL AIRPORT, VA US","  66.5","24","  41.4","24","1009.4","24","007.0","24"," 10.0","24","  8.9","24"," 22.0"," 32.1","  81.0"," ","  55.0"," "," 0.00","G","999.9","000000"
"72405013743","2014-05-05","38.8472","-77.03454","3.0","WASHINGTON REAGAN NATIONAL AIRPORT, VA US","  58.9","24","  34.8","24","1014.9","24","012.6","24"," 10.0","24","  9.9","24"," 18.1"," 21.0","  64.9","*","  50.0","*"," 0.00","G","999.9","010010"
"72405013743","2014-05-06","38.8472","-77.03454","3.0","WASHINGTON REAGAN NATIONAL AIRPORT, VA US","  59.6","24","  46.6","24","1014.2","23","011.9","24","  9.6","24","  4.1","24"," 12.0","999.9","  73.9"," ","  50.0"," "," 0.38","G","999.9","010010"
"72405013743","2014-05-07","38.8472","-77.03454","3.0","WASHINGTON REAGAN NATIONAL AIRPORT, VA US","  60.8","24","  46.4","24","1020.3","24","018.2","24","  9.9","24","  3.8","24","  8.0","999.9","  73.9"," ","  53.1"," "," 0.00","G","999.9","010010"
"72405013743","2014-05-08","38.8472","-77.03454","3.0","WASHINGTON REAGAN NATIONAL AIRPORT, VA US","  66.3","24","  56.1","24","1019.2","20","017.2","24","  9.0","24","  3.7","24","  7.0","999.9","  87.1"," ","  55.0"," "," 0.14","G","999.9","010000"
"72405013743","2014-05-09","38.8472","-77.03454","3.0","WASHINGTON REAGAN NATIONAL AIRPORT, VA US","  68.6","24","  60.3","24","1017.9","23","015.9","24","  8.7","24","  5.1","24","  8.9","999.9","  87.1"," ","  59.0"," "," 0.00","G","999.9","000000"
"72405013743","2014-05-10","38.8472","-77.03454","3.0","WASHINGTON REAGAN NATIONAL AIRPORT, VA US","  70.6","24","  62.5","24","1014.6","23","012.4","24","  9.6","24","  6.4","24"," 15.0"," 27.0","  78.1"," ","  61.0"," "," 0.00","G","999.9","010000"
"72405013743","2014-05-11","38.8472","-77.03454","3.0","WASHINGTON REAGAN NATIONAL AIRPORT, VA US","  71.3","24","  55.1","24","1017.7","24","015.4","24"," 10.0","24","  4.8","24","  9.9"," 14.0","  81.0"," ","  62.1"," "," 0.16","G","999.9","010000"
"72405013743","2014-05-12","38.8472","-77.03454","3.0","WASHINGTON REAGAN NATIONAL AIRPORT, VA US","  72.8","24","  60.2","24","1019.4","24","017.0","24"," 10.0","24","  6.6","24"," 12.0"," 19.0","  86.0"," ","  62.1"," "," 0.00","G","999.9","000000"
"72405013743","2014-05-13","38.8472","-77.03454","3.0","WASHINGTON REAGAN NATIONAL AIRPORT, VA US","  76.9","24","  66.4","24","1018.7","24","016.3","24","  9.5","24","  3.8","24"," 11.1"," 21.0","  91.9"," ","  63.0"," "," 0.08","G","999.9","010000"
"72405013743","2014-05-14","38.8472","-77.03454","3.0","WASHINGTON REAGAN NATIONAL AIRPORT, VA US","  65.0","24","  59.1","24","1022.2","20","020.0","24","  7.9","24","  7.3","24"," 12.0"," 18.1","  75.9","*","  60.1","*"," 0.00","G","999.9","010010"
"72405013743","2014-05-15","38.8472","-77.03454","3.0","WASHINGTON REAGAN NATIONAL AIRPORT, VA US","  71.2","24","  64.9","24","1018.1","18","016.3","24","  6.7","24","  8.1","24"," 15.9"," 22.9","  81.0"," ","  60.1"," "," 0.00","G","999.9","010000"
"72405013743","2014-05-16","38.8472","-77.03454","3.0","WASHINGTON REAGAN NATIONAL AIRPORT, VA US","  67.2","24","  58.3","24","1011.6","18","009.1","24","  8.0","24"," 11.3","24"," 32.1"," 42.9","  81.0"," ","  55.0"," "," 2.42","G","999.9","010000"
"72405013743","2014-05-17","38.8472","-77.03454","3.0","WASHINGTON REAGAN NATIONAL AIRPORT, VA US","  61.5","24","  42.9","24","1016.7","24","014.4","24"," 10.0","24","  7.8","24"," 13.0"," 17.1","  72.0"," ","  52.0"," "," 0.23","G","999.9","010000"
"72405013743","2014-05-18","38.8472","-77.03454","3.0","WASHINGTON REAGAN NATIONAL AIRPORT, VA US","  61.3","24","  38.8","24","1022.8","24","020.5","24"," 10.0","24","  7.7","24"," 14.0"," 17.1","  69.1"," ","  52.0"," "," 0.00","G","999.9","000000"
"72405013743","2014-05-19","38.8472","-77.03454","3.0","WASHINGTON REAGAN NATIONAL AIRPORT, VA US","  62.1","24","  38.4","24","1024.3","24","021.9","24"," 10.0","24","  4.2","24","  8.9"," 14.0","  73.9"," ","  48.9"," "," 0.00","G","999.9","000000"
"72405013743","2014-05-20","38.8472","-77.03454","3.0","WASHINGTON REAGAN NATIONAL AIRPORT, VA US","  65.7","24","  44.3","24","1021.3","24","019.0","24"," 10.0","24","  4.1","24"," 11.1","999.9","  77.0"," ","  48.9"," "," 0.00","G","999.9","000000"
"72405013743","2014-05-21","38.8472","-77.03454","3.0","WASHINGTON REAGAN NATIONAL AIRPORT, VA US","  70.1","24","  56.6","24","1015.1","24","012.8","24","  9.9","24","  3.8","24","  9.9","999.9","  80.1"," ","  55.9"," "," 0.00","G","999.9","010010"
"72405013743","2014-05-22","38.8472","-77.03454","3.0","WASHINGTON REAGAN NATIONAL AIRPORT, VA US","  74.4","24","  61.5","24","1010.5","20","008.4","24","  7.5","24","  5.4","24"," 14.0"," 25.1","  89.1"," ","  63.0"," "," 0.16","G","999.9","010000"
"72405013743","2014-05-23","38.8472","-77.03454","3.0","WASHINGTON REAGAN NATIONAL AIRPORT, VA US","  73.0","24","  48.7","24","1013.0","24","010.7","24"," 10.0","24"," 11.8","24"," 19.0"," 24.1","  89.1"," ","  61.0"," "," 0.00","G","999.9","000000"
"72405013743","2014-05-24","38.8472","-77.03454","3.0","WASHINGTON REAGAN NATIONAL AIRPORT, VA US","  67.5","24","  46.7","24","1017.7","24","015.4","24"," 10.0","24","  9.3","24"," 17.1"," 22.9","  81.0"," ","  57.0"," "," 0.00","G","999.9","000000"
"72405013743","2014-05-25","38.8472","-77.03454","3.0","WASHINGTON REAGAN NATIONAL AIRPORT, VA US","  72.4","24","  49.8","24","1020.0","24","017.7","24"," 10.0","24","  4.6","24","  8.9","999.9","  84.0"," ","  57.0"," "," 0.00","G","999.9","000000"
"72405013743","2014-05-26","38.8472","-77.03454","3.0","WASHINGTON REAGAN NATIONAL AIRPORT, VA US","  74.9","24","  56.1","24","1019.1","24","016.8","24"," 10.0","24","  5.1","24"," 11.1"," 17.1","  88.0"," ","  60.1"," "," 0.00","G","999.9","000000"
"72405013743","2014-05-27","38.8472","-77.03454","3.0","WASHINGTON REAGAN NATIONAL AIRPORT, VA US","  78.5","24","  64.1","24","1014.2","24","011.9","24","  9.8","24","  6.6","24"," 28.0"," 36.9","  91.9"," ","  64.0"," "," 0.00","G","999.9","010010"
"72405013743","2014-05-28","38.8472","-77.03454","3.0","WASHINGTON REAGAN NATIONAL AIRPORT, VA US","  76.4","24","  65.4","24","1012.7","24","010.4","24","  9.9","24","  5.5","24"," 12.0"," 17.1","  91.9"," ","  69.1"," "," 0.91","G","999.9","010010"
"72405013743","2014-05-29","38.8472","-77.03454","3.0","WASHINGTON REAGAN NATIONAL AIRPORT, VA US","  62.0","24","  55.9","24","1019.9","13","017.9","24","  7.1","24","  8.4","24"," 18.1"," 20.0","  82.9","*","  57.2","*"," 0.04","G","999.9","010000"
"72405013743","2014-05-30","38.8472","-77.03454","3.0","WASHINGTON REAGAN NATIONAL AIRPORT, VA US","  64.4","24","  55.0","24","1020.1","19","018.1","24","  8.2","24","  4.9","24","  9.9","999.9","  75.9"," ","  57.9"," "," 0.28","G","999.9","010000"
"72405013743","2014-05-31","38.8472","-77.03454","3.0","WASHINGTON REAGAN NATIONAL AIRPORT, VA US","  71.8","24","  50.0","24","1020.9","24","018.5","24"," 10.0","24","  7.8","24"," 12.0"," 21.0","  81.0"," ","  59.0"," "," 0.00","G","999.9","000000"
"72405013743","2014-06-01","38.8472","-77.03454","3.0","WASHINGTON REAGAN NATIONAL AIRPORT, VA US","  68.5","24","  52.4","24","1026.4","24","024.1","24"," 10.0","24","  5.4","24","  9.9","999.9","  81.0"," ","  59.0"," "," 0.00","G","999.9","000000"
"72405013743","2014-06-02","38.8472","-77.03454","3.0","WASHINGTON REAGAN NATIONAL AIRPORT, VA US","  69.8","24","  52.3","24","1023.6","24","021.3","24"," 10.0","24","  8.7","24"," 13.0"," 18.1","  82.0"," ","  57.9"," "," 0.00","G","999.9","000000"
"72405013743","2014-06-03","38.8472","-77.03454","3.0","WASHINGTON REAGAN NATIONAL AIRPORT, VA US","  75.5","24","  62.1","24","1015.7","24","013.5","24"," 10.0","24","  6.7","24"," 18.1"," 22.9","  86.0"," ","  57.9"," "," 0.00","G","999.9","010000"
"72405013743","2014-06-04","38.8472","-77.03454","3.0","WASHINGTON REAGAN NATIONAL AIRPORT, VA US","  80.0","24","  63.0","24","1010.4","24","008.1","24","  9.9","24","  4.6","24"," 11.1","999.9","  90.0"," ","  66.9"," "," 0.01","G","999.9","000000"
"72405013743","2014-06-05","38.8472","-77.03454","3.0","WASHINGTON REAGAN NATIONAL AIRPORT, VA US","  74.0","24","  61.1","24","1006.8","17","003.7","24","  9.5","24","  8.7","24"," 17.1"," 24.1","  90.0"," ","  66.0"," "," 0.42","G","999.9","010000"
"72405013743","2014-06-06","38.8472","-77.03454","3.0","WASHINGTON REAGAN NATIONAL AIRPORT, VA US","  72.4","24","  49.8","24","1012.7","24","010.4","24"," 10.0","24","  7.4","24"," 13.0"," 17.1","  82.0"," ","  62.1"," "," 0.01","G","999.9","000000"
"72405013743","2014-06-07","38.8472","-77.03454","3.0","WASHINGTON REAGAN NATIONAL AIRPORT, VA US","  74.9","24","  54.5","24","1015.9","24","013.5","24"," 10.0","24","  2.5","24","  9.9","999.9","  86.0"," ","  62.1"," "," 0.00","G","999.9","000000"
"72405013743","2014-06-08","38.8472","-77.03454","3.0","WASHINGTON REAGAN NATIONAL AIRPORT, VA US","  76.1","24","  60.1","24","1013.8","24","011.7","24"," 10.0","24","  7.0","24"," 13.0"," 18.1","  86.0"," ","  64.0"," "," 0.00","G","999.9","000000"
"72405013743","2014-06-09","38.8472","-77.03454","3.0","WASHINGTON REAGAN NATIONAL AIRPORT, VA US","  77.2","24","  66.6","24","1011.5","24","009.2","24","  9.0","24","  6.5","24","  9.9","999.9","  84.9"," ","  66.9"," "," 0.45","G","999.9","010000"
"72405013743","2014-06-10","38.8472","-77.03454","3.0","WASHINGTON REAGAN NATIONAL AIRPORT, VA US","  79.8","24","  70.3","24","1012.0","21","009.6","24","  9.6","24","  5.5","24"," 12.0","999.9","  88.0"," ","  70.0"," "," 0.21","G","999.9","010000"
"72405013743","2014-06-11","38.8472","-77.03454","3.0","WASHINGTON REAGAN NATIONAL AIRPORT, VA US","  79.3","24","  69.7","24","1014.1","22","011.8","24","  9.2","24","  5.7","24"," 14.0"," 19.0","  86.0","*","  73.4","*"," 0.83","G","999.9","010010"
"72405013743","2014-06-12","38.8472","-77.03454","3.0","WASHINGTON REAGAN NATIONAL AIRPORT, VA US","  74.9","24","  68.6","24","1013.5","17","011.7","24","  8.7","24","  7.5","24"," 14.0"," 18.1","  88.0"," ","  71.1"," "," 0.77","G","999.9","010010"
"72405013743","2014-06-13","38.8472","-77.03454","3.0","WASHINGTON REAGAN NATIONAL AIRPORT, VA US","  76.3","24","  69.2","24","1009.3","17","007.3","24","  9.9","24","  5.4","24"," 14.0"," 19.0","  82.9"," ","  71.1"," "," 0.07","G","999.9","010010"
"72405013743","2014-06-14","38.8472","-77.03454","3.0","WASHINGTON REAGAN NATIONAL AIRPORT, VA US","  73.3","24","  56.8","24","1014.3","24","011.7","24"," 10.0","24"," 10.6","24"," 17.1"," 24.1","  82.9"," ","  68.0"," "," 0.22","G","999.9","010000"
"72405013743","2014-06-15","38.8472","-77.03454","3.0","WASHINGTON REAGAN NATIONAL AIRPORT, VA US","  71.9","24","  52.5","24","1020.4","24","018.1","24"," 10.0","24","  5.4","24","  9.9"," 14.0","  84.0"," ","  60.1"," "," 0.00","G","999.9","000000"
"72405013743","2014-06-16","38.8472","-77.03454","3.0","WASHINGTON REAGAN NATIONAL AIRPORT, VA US","  78.2","24","  63.7","24","1019.7","24","017.4","24"," 10.0","24","  3.1","24","  8.9","999.9","  90.0"," ","  60.1"," "," 0.00","G","999.9","000000"
"72405013743","2014-06-17","38.8472","-77.03454","3.0","WASHINGTON REAGAN NATIONAL AIRPORT, VA US","  83.7","24","  67.8","24","1018.1","24","015.8","24"," 10.0","24","  5.3","24"," 11.1"," 18.1","  97.0"," ","  68.0"," "," 0.00","G","999.9","000000"
"72405013743","2014-06-18","38.8472","-77.03454","3.0","WASHINGTON REAGAN NATIONAL AIRPORT, VA US","  87.1","24","  68.8","24","1015.3","24","013.0","24"," 10.0","24","  7.3","24"," 15.0"," 17.1","  97.0"," ","  73.0"," "," 0.00","G","999.9","000000"
"72405013743","2014-06-19","38.8472","-77.03454","3.0","WASHINGTON REAGAN NATIONAL AIRPORT, VA US","  82.0","24","  68.3","24","1015.5","21","013.2","24"," 10.0","24","  7.4","24"," 21.0"," 34.0","  95.0"," ","  75.0"," "," 0.00","G","999.9","010010"
"72405013743","2014-06-20","38.8472","-77.03454","3.0","WASHINGTON REAGAN NATIONAL AIRPORT, VA US","  76.9","24","  58.1","24","1016.5","23","014.3","24"," 10.0","24","  5.9","24","  8.9","999.9","  87.1"," ","  70.0"," "," 0.00","G","999.9","000000"
"72405013743","2014-06-21","38.8472","-77.03454","3.0","WASHINGTON REAGAN NATIONAL AIRPORT, VA US","  73.5","24","  58.4","24","1013.4","24","011.1","24"," 10.0","24","  5.2","24","  9.9","999.9","  87.1"," ","  69.1"," "," 0.00","G","999.9","010000"
"72405013743","2014-06-22","38.8472","-77.03454","3.0","WASHINGTON REAGAN NATIONAL AIRPORT, VA US","  74.1","24","  60.4","24","1013.9","19","011.5","24","  8.9","24","  5.6","24","  8.0","999.9","  82.0"," ","  68.0"," "," 0.09","G","999.9","010000"
"72405013743","2014-06-23","38.8472","-77.03454","3.0","WASHINGTON REAGAN NATIONAL AIRPORT, VA US","  76.4","24","  60.9","24","1018.2","24","015.9","24"," 10.0","24","  6.5","24"," 12.0","999.9","  84.9"," ","  68.0"," "," 0.00","I","999.9","000000"
"72405013743","2014-06-24","38.8472","-77.03454","3.0","WASHINGTON REAGAN NATIONAL AIRPORT, VA US","  77.0","24","  62.5","24","1019.8","24","017.5","24"," 10.0","24","  9.0","24"," 12.0","999.9","  87.1"," ","  68.0"," "," 0.00","G","999.9","000000"
"72405013743","2014-06-25","38.8472","-77.03454","3.0","WASHINGTON REAGAN NATIONAL AIRPORT, VA US","  81.2","24","  69.6","24","1014.2","24","011.9","24"," 10.0","24","  8.6","24"," 12.0","999.9","  89.1"," ","  69.1"," "," 0.00","G","999.9","000000"
"72405013743","2014-06-26","38.8472","-77.03454","3.0","WASHINGTON REAGAN NATIONAL AIRPORT, VA US","  81.8","24","  66.8","24","1012.6","24","010.1","24"," 10.0","24","  7.7","24"," 20.0"," 27.0","  89.1"," ","  73.9"," "," 0.45","G","999.9","010010"
"72405013743","2014-06-27","38.8472","-77.03454","3.0","WASHINGTON REAGAN NATIONAL AIRPORT, VA US","  80.9","24","  64.3","24","1017.2","24","014.9","24"," 10.0","24","  6.8","24"," 12.0","999.9","  89.1"," ","  72.0"," "," 0.00","G","999.9","000000"
"72405013743","2014-06-28","38.8472","-77.03454","3.0","WASHINGTON REAGAN NATIONAL AIRPORT, VA US","  77.9","24","  59.6","24","1023.3","24","021.1","24"," 10.0","24","  5.4","24"," 11.1"," 17.1","  88.0"," ","  69.1"," "," 0.00","G","999.9","000000"
"72405013743","2014-06-29","38.8472","-77.03454","3.0","WASHINGTON REAGAN NATIONAL AIRPORT, VA US","  78.0","24","  57.5","24","1023.6","24","021.2","24"," 10.0","24","  6.8","24"," 12.0","999.9","  87.1"," ","  69.1"," "," 0.00","G","999.9","000000"
"72405013743","2014-06-30","38.8472","-77.03454","3.0","WASHINGTON REAGAN NATIONAL AIRPORT, VA US","  79.4","24","  62.0","24","1018.3","24","016.0","24"," 10.0","24","  8.3","24"," 11.1","999.9","  89.1"," ","  69.1"," "," 0.00","G","999.9","000000"
"72405013743","2014-07-01","38.8472","-77.03454","3.0","WASHINGTON REAGAN NATIONAL AIRPORT, VA US","  83.3","24","  68.4","24","1013.0","24","010.6","24"," 10.0","24","  9.4","24"," 15.9"," 20.0","  93.0"," ","  72.0"," "," 0.00","G","999.9","000000"
"72405013743","2014-07-02","38.8472","-77.03454","3.0","WASHINGTON REAGAN NATIONAL AIRPORT, VA US","  86.9","24","  71.6","24","1011.3","24","008.9","24"," 10.0","24","  8.8","24"," 14.0"," 21.0","  99.0"," ","  75.9"," "," 0.00","G","999.9","000000"
"72405013743","2014-07-03","38.8472","-77.03454","3.0","WASHINGTON REAGAN NATIONAL AIRPORT, VA US","  81.8","24","  71.1","24","1013.7","18","011.3","24"," 10.0","24","  6.8","24"," 19.0"," 33.0","  99.0"," ","  75.0"," "," 0.04","G","999.9","010010"
"72405013743","2014-07-04","38.8472","-77.03454","3.0","WASHINGTON REAGAN NATIONAL AIRPORT, VA US","  77.0","24","  62.2","24","1016.0","21","013.5","24","  9.3","24"," 12.2","24"," 20.0"," 28.9","  91.9"," ","  71.1"," "," 0.52","G","999.9","010010"
"72405013743","2014-07-05","38.8472","-77.03454","3.0","WASHINGTON REAGAN NATIONAL AIRPORT, VA US","  74.5","24","  47.9","24","1023.0","24","020.7","24"," 10.0","24","  7.2","24"," 13.0","999.9","  86.0"," ","  64.0"," "," 0.16","G","999.9","000000"
"72405013743","2014-07-06","38.8472","-77.03454","3.0","WASHINGTON REAGAN NATIONAL AIRPORT, VA US","  77.0","24","  54.6","24","1019.7","24","017.4","24"," 10.0","24","  6.9","24"," 13.0"," 20.0","  89.1"," ","  64.0"," "," 0.00","G","999.9","000000"
"72405013743","2014-07-07","38.8472","-77.03454","3.0","WASHINGTON REAGAN NATIONAL AIRPORT, VA US","  83.1","24","  61.7","24","1013.0","24","010.6","24"," 10.0","24"," 10.6","24"," 15.0"," 24.1","  93.9"," ","  64.9"," "," 0.00","G","999.9","000000"
"72405013743","2014-07-08","38.8472","-77.03454","3.0","WASHINGTON REAGAN NATIONAL AIRPORT, VA US","  86.2","24","  64.5","24","1010.0","24","007.6","24"," 10.0","24"," 10.2","24"," 28.0"," 41.0","  95.0","*","  71.6","*"," 0.00","G","999.9","010010"
"72405013743","2014-07-09","38.8472","-77.03454","3.0","WASHINGTON REAGAN NATIONAL AIRPORT, VA US","  78.0","24","  68.7","24","1012.0","23","009.5","24","  9.4","24","  6.9","24"," 19.0"," 22.0","  89.1","*","  71.6","*"," 0.76","G","999.9","010010"
"72405013743","2014-07-10","38.8472","-77.03454","3.0","WASHINGTON REAGAN NATIONAL AIRPORT, VA US","  78.0","24","  67.4","24","1016.5","22","014.2","24"," 10.0","24","  4.4","24"," 28.0"," 42.9","  89.1"," ","  69.1"," "," 0.02","G","999.9","010010"
"72405013743","2014-07-11","38.8472","-77.03454","3.0","WASHINGTON REAGAN NATIONAL AIRPORT, VA US","  77.2","24","  64.9","24","1021.3","23","018.8","24","  9.6","24","  3.8","24","  9.9","999.9","  89.1"," ","  69.1"," "," 1.31","G","999.9","010010"
"72405013743","2014-07-12","38.8472","-77.03454","3.0","WASHINGTON REAGAN NATIONAL AIRPORT, VA US","  81.1","24","  67.5","24","1022.4","24","020.0","24"," 10.0","24","  7.4","24"," 12.0","999.9","  90.0"," ","  69.1"," "," 0.00","G","999.9","000000"
"72405013743","2014-07-13","38.8472","-77.03454","3.0","WASHINGTON REAGAN NATIONAL AIRPORT, VA US","  83.0","24","  69.1","24","1017.3","24","015.0","24"," 10.0","24"," 10.1","24"," 13.0"," 19.0","  93.9"," ","  73.0"," "," 0.00","G","999.9","000000"
"72405013743","2014-07-14","38.8472","-77.03454","3.0","WASHINGTON REAGAN NATIONAL AIRPORT, VA US","  82.5","24","  70.6","24","1012.8","22","010.4","24","  9.9","24","  6.4","24"," 28.0"," 36.9","  93.9"," ","  75.9"," "," 0.05","G","999.9","010010"
"72405013743","2014-07-15","38.8472","-77.03454","3.0","WASHINGTON REAGAN NATIONAL AIRPORT, VA US","  80.5","24","  71.6","24","1009.0","21","006.6","24","  9.9","24","  4.9","24"," 15.9"," 17.1","  89.6","*","  73.4","*"," 0.16","G","999.9","010010"
"72405013743","2014-07-16","38.8472","-77.03454","3.0","WASHINGTON REAGAN NATIONAL AIRPORT, VA US","  76.1","24","  60.4","24","1010.7","22","008.2","24","  9.0","24","  7.1","24"," 12.0"," 19.0","  89.1"," ","  71.1"," "," 1.71","G","999.9","010010"
"72405013743","2014-07-17","38.8472","-77.03454","3.0","WASHINGTON REAGAN NATIONAL AIRPORT, VA US","  75.7","24","  53.1","24","1015.8","24","013.5","24"," 10.0","24","  5.7","24","  9.9"," 14.0","  82.9"," ","  66.0"," "," 0.00","G","999.9","000000"
"72405013743","2014-07-18","38.8472","-77.03454","3.0","WASHINGTON REAGAN NATIONAL AIRPORT, VA US","  76.7","24","  54.1","24","1022.1","24","019.8","24"," 10.0","24","  3.5","24","  8.0","999.9","  86.0"," ","  66.0"," "," 0.00","G","999.9","000000"
"72405013743","2014-07-19","38.8472","-77.03454","3.0","WASHINGTON REAGAN NATIONAL AIRPORT, VA US","  78.0","24","  56.6","24","1022.3","24","020.0","24"," 10.0","24","  4.3","24","  8.9","999.9","  86.0"," ","  68.0"," "," 0.00","G","999.9","010000"
"72405013743","2014-07-20","38.8472","-77.03454","3.0","WASHINGTON REAGAN NATIONAL AIRPORT, VA US","  77.3","24","  63.1","24","1019.7","24","017.4","24"," 10.0","24","  4.5","24","  8.0","999.9","  84.9"," ","  73.0"," "," 0.00","G","999.9","010000"
"72405013743","2014-07-21","38.8472","-77.03454","3.0","WASHINGTON REAGAN NATIONAL AIRPORT, VA US","  77.9","24","  65.3","24","1021.1","22","018.7","24"," 10.0","24","  4.0","24","  8.9","999.9","  86.0"," ","  73.0"," "," 0.00","G","999.9","000000"
"72405013743","2014-07-22","38.8472","-77.03454","3.0","WASHINGTON REAGAN NATIONAL AIRPORT, VA US","  79.7","24","  67.7","24","1021.1","22","019.0","24"," 10.0","24","  6.6","24"," 12.0","999.9","  88.0"," ","  73.0"," "," 0.00","G","999.9","000000"
"72405013743","2014-07-23","38.8472","-77.03454","3.0","WASHINGTON REAGAN NATIONAL AIRPORT, VA US","  83.2","24","  69.2","24","1015.3","24","013.0","24"," 10.0","24","  8.1","24"," 12.0"," 18.1","  93.9"," ","  73.9"," "," 0.00","G","999.9","010010"
"72405013743","2014-07-24","38.8472","-77.03454","3.0","WASHINGTON REAGAN NATIONAL AIRPORT, VA US","  79.3","24","  65.1","24","1012.0","24","009.7","24"," 10.0","24","  6.5","24"," 15.0"," 24.1","  93.9"," ","  75.0"," "," 0.01","G","999.9","010010"
"72405013743","2014-07-25","38.8472","-77.03454","3.0","WASHINGTON REAGAN NATIONAL AIRPORT, VA US","  75.3","24","  54.2","24","1016.1","24","013.8","24"," 10.0","24","  7.0","24"," 12.0"," 18.1","  84.9"," ","  64.9"," "," 0.00","I","999.9","000000"
"72405013743","2014-07-26","38.8472","-77.03454","3.0","WASHINGTON REAGAN NATIONAL AIRPORT, VA US","  78.6","24","  62.9","24","1015.3","24","013.0","24"," 10.0","24","  6.2","24","  9.9","999.9","  88.0"," ","  64.9"," "," 0.00","G","999.9","010000"
"72405013743","2014-07-27","38.8472","-77.03454","3.0","WASHINGTON REAGAN NATIONAL AIRPORT, VA US","  79.8","24","  68.3","24","1010.0","24","007.8","24","  9.8","24","  8.0","24"," 15.9"," 20.0","  88.0"," ","  72.0"," "," 0.07","G","999.9","010000"
"72405013743","2014-07-28","38.8472","-77.03454","3.0","WASHINGTON REAGAN NATIONAL AIRPORT, VA US","  81.1","24","  64.5","24","1004.3","23","001.8","24","  9.9","24"," 10.9","24"," 22.0"," 28.0","  87.1"," ","  73.0"," "," 0.03","G","999.9","010010"
"72405013743","2014-07-29","38.8472","-77.03454","3.0","WASHINGTON REAGAN NATIONAL AIRPORT, VA US","  72.3","24","  52.2","24","1012.4","24","010.1","24"," 10.0","24"," 10.4","24"," 18.1"," 22.9","  86.0"," ","  66.0"," "," 0.00","G","999.9","000000"
"72405013743","2014-07-30","38.8472","-77.03454","3.0","WASHINGTON REAGAN NATIONAL AIRPORT, VA US","  70.9","24","  50.5","24","1017.5","24","015.2","24"," 10.0","24","  5.7","24"," 11.1","999.9","  80.1"," ","  60.1"," "," 0.00","G","999.9","000000"
"72405013743","2014-07-31","38.8472","-77.03454","3.0","WASHINGTON REAGAN NATIONAL AIRPORT, VA US","  76.3","24","  58.7","24","1018.7","24","016.4","24","  9.6","24","  5.9","24"," 11.1","999.9","  89.1"," ","  60.1"," "," 0.00","G","999.9","000000"
"72405013743","2014-08-01","38.8472","-77.03454","3.0","WASHINGTON REAGAN NATIONAL AIRPORT, VA US","  78.2","24","  65.4","24","1021.2","24","018.9","24"," 10.0","24","  6.5","24"," 12.0"," 15.9","  89.1"," ","  66.9"," "," 0.00","G","999.9","010000"
"72405013743","2014-08-02","38.8472","-77.03454","3.0","WASHINGTON REAGAN NATIONAL AIRPORT, VA US","  74.7","24","  63.0","24","1020.4","22","018.2","24","  9.8","24","  5.3","24","  8.9","999.9","  84.0"," ","  68.0"," "," 0.17","G","999.9","010000"
"72405013743","2014-08-03","38.8472","-77.03454","3.0","WASHINGTON REAGAN NATIONAL AIRPORT, VA US","  77.8","24","  66.9","24","1018.1","22","015.9","24"," 10.0","24","  3.9","24","  8.9","999.9","  84.9"," ","  68.0"," "," 0.06","G","999.9","010000"
"72405013743","2014-08-04","38.8472","-77.03454","3.0","WASHINGTON REAGAN NATIONAL AIRPORT, VA US","  78.2","24","  64.6","24","1018.5","23","016.3","24"," 10.0","24","  4.5","24"," 11.1"," 17.1","  89.1"," ","  69.1"," "," 0.45","G","999.9","010010"
"72405013743","2014-08-05","38.8472","-77.03454","3.0","WASHINGTON REAGAN NATIONAL AIRPORT, VA US","  81.4","24","  63.8","24","1017.1","24","014.9","24","  9.0","24","  2.3","24","  8.0","999.9","  91.9"," ","  69.1"," "," 0.00","G","999.9","000000"
"72405013743","2014-08-06","38.8472","-77.03454","3.0","WASHINGTON REAGAN NATIONAL AIRPORT, VA US","  78.4","24","  64.0","24","1014.0","24","011.7","24"," 10.0","24","  6.3","24"," 21.0"," 28.0","  84.9","*","  69.8","*"," 0.38","G","999.9","010010"
"72405013743","2014-08-07","38.8472","-77.03454","3.0","WASHINGTON REAGAN NATIONAL AIRPORT, VA US","  79.0","24","  60.8","24","1015.0","24","012.6","24","  9.4","24","  6.3","24"," 12.0"," 15.0","  87.1"," ","  70.0"," "," 0.00","G","999.9","000000"
"72405013743","2014-08-08","38.8472","-77.03454","3.0","WASHINGTON REAGAN NATIONAL AIRPORT, VA US","  77.1","24","  56.2","24","1018.8","24","016.5","24"," 10.0","24","  4.6","24","  8.0","999.9","  87.1"," ","  69.1"," "," 0.00","G","999.9","000000"
"72405013743","2014-08-09","38.8472","-77.03454","3.0","WASHINGTON REAGAN NATIONAL AIRPORT, VA US","  77.4","24","  62.1","24","1019.3","23","017.0","24"," 10.0","24","  3.8","24"," 13.0","999.9","  87.1"," ","  69.1"," "," 0.00","G","999.9","000000"
"72405013743","2014-08-10","38.8472","-77.03454","3.0","WASHINGTON REAGAN NATIONAL AIRPORT, VA US","  79.2","24","  63.8","24","1019.8","24","017.5","24","  9.9","24","  3.7","24","  8.0","999.9","  88.0"," ","  71.1"," "," 0.00","G","999.9","000000"
"72405013743","2014-08-11","38.8472","-77.03454","3.0","WASHINGTON REAGAN NATIONAL AIRPORT, VA US","  77.4","24","  62.0","24","1019.3","24","017.0","24"," 10.0","24","  5.7","24"," 11.1","999.9","  88.0"," ","  70.0"," "," 0.00","G","999.9","010000"
"72405013743","2014-08-12","38.8472","-77.03454","3.0","WASHINGTON REAGAN NATIONAL AIRPORT, VA US","  74.7","24","  67.1","24","1014.0","18","011.4","24","  9.1","24","  5.7","24"," 18.1"," 28.0","  84.9"," ","  70.0"," "," 0.14","G","999.9","010010"
"72405013743","2014-08-13","38.8472","-77.03454","3.0","WASHINGTON REAGAN NATIONAL AIRPORT, VA US","  78.7","24","  64.5","24","1009.0","23","006.6","24"," 10.0","24","  8.5","24"," 18.1"," 25.1","  86.0"," ","  73.0"," "," 1.49","G","999.9","000000"
"72405013743","2014-08-14","38.8472","-77.03454","3.0","WASHINGTON REAGAN NATIONAL AIRPORT, VA US","  75.1","24","  53.6","24","1013.0","24","010.7","24"," 10.0","24","  7.1","24"," 14.0"," 26.0","  86.0"," ","  64.0"," "," 0.00","G","999.9","000000"
"72405013743","2014-08-15","38.8472","-77.03454","3.0","WASHINGTON REAGAN NATIONAL AIRPORT, VA US","  73.5","24","  48.0","24","1015.1","24","012.8","24"," 10.0","24","  6.2","24"," 12.0"," 15.0","  84.9"," ","  62.1"," "," 0.00","G","999.9","000000"
"72405013743","2014-08-16","38.8472","-77.03454","3.0","WASHINGTON REAGAN NATIONAL AIRPORT, VA US","  75.4","24","  51.8","24","1016.0","24","013.7","24"," 10.0","24","  4.8","24","  8.9","999.9","  84.9"," ","  62.1"," "," 0.00","G","999.9","000000"
"72405013743","2014-08-17","38.8472","-77.03454","3.0","WASHINGTON REAGAN NATIONAL AIRPORT, VA US","  78.1","24","  62.0","24","1013.3","24","011.1","24","  9.9","24","  5.6","24","  9.9"," 15.0","  88.0"," ","  64.9"," "," 0.00","G","999.9","010000"
"72405013743","2014-08-18","38.8472","-77.03454","3.0","WASHINGTON REAGAN NATIONAL AIRPORT, VA US","  79.0","24","  63.0","24","1012.5","24","010.2","24"," 10.0","24","  4.9","24","  8.9","999.9","  88.0"," ","  72.0"," "," 0.01","G","999.9","000000"
"72405013743","2014-08-19","38.8472","-77.03454","3.0","WASHINGTON REAGAN NATIONAL AIRPORT, VA US","  78.5","24","  66.1","24","1010.7","22","008.4","24"," 10.0","24","  6.1","24","  8.9","999.9","  86.0"," ","  72.0"," "," 0.00","G","999.9","010000"
"72405013743","2014-08-20","38.8472","-77.03454","3.0","WASHINGTON REAGAN NATIONAL AIRPORT, VA US","  78.8","24","  64.0","24","1014.1","24","011.8","24","  9.7","24","  5.8","24"," 12.0"," 15.9","  89.1"," ","  73.0"," "," 0.00","G","999.9","010010"
"72405013743","2014-08-21","38.8472","-77.03454","3.0","WASHINGTON REAGAN NATIONAL AIRPORT, VA US","  77.7","24","  66.8","24","1016.4","24","014.1","24","  9.9","24","  2.4","24","  8.9","999.9","  90.0"," ","  71.1"," "," 0.26","G","999.9","010000"
"72405013743","2014-08-22","38.8472","-77.03454","3.0","WASHINGTON REAGAN NATIONAL AIRPORT, VA US","  78.5","24","  68.5","24","1015.3","23","013.0","24","  9.3","24","  4.2","24","  8.9"," 18.1","  90.0"," ","  71.1"," "," 0.01","G","999.9","010000"
"72405013743","2014-08-23","38.8472","-77.03454","3.0","WASHINGTON REAGAN NATIONAL AIRPORT, VA US","  74.7","24","  66.5","24","1016.4","18","014.1","24","  9.2","24","  6.3","24"," 12.0","999.9","  79.0","*","  71.6","*"," 0.00","G","999.9","010000"
"72405013743","2014-08-24","38.8472","-77.03454","3.0","WASHINGTON REAGAN NATIONAL AIRPORT, VA US","  74.3","24","  61.0","24","1019.8","24","017.5","24"," 10.0","24","  6.5","24","  9.9","999.9","  82.0"," ","  68.0"," "," 0.21","G","999.9","000000"
"72405013743","2014-08-25","38.8472","-77.03454","3.0","WASHINGTON REAGAN NATIONAL AIRPORT, VA US","  75.2","24","  58.5","24","1021.2","24","018.8","24"," 10.0","24","  4.8","24"," 11.1"," 14.0","  84.0"," ","  66.0"," "," 0.00","G","999.9","000000"
"72405013743","2014-08-26","38.8472","-77.03454","3.0","WASHINGTON REAGAN NATIONAL AIRPORT, VA US","  77.6","24","  60.0","24","1020.9","24","018.6","24"," 10.0","24","  3.7","24","  7.0","999.9","  89.1"," ","  66.0"," "," 0.00","G","999.9","000000"
"72405013743","2014-08-27","38.8472","-77.03454","3.0","WASHINGTON REAGAN NATIONAL AIRPORT, VA US","  79.1","24","  64.8","24","1017.6","24","015.2","24","  9.8","24","  3.3","24","  8.9","999.9","  89.1"," ","  66.9"," "," 0.00","G","999.9","100000"
"72405013743","2014-08-28","38.8472","-77.03454","3.0","WASHINGTON REAGAN NATIONAL AIRPORT, VA US","  81.5","24","  62.9","24","1014.2","24","011.8","24"," 10.0","24","  8.3","24"," 13.0"," 20.0","  89.1"," ","  69.1"," "," 0.00","G","999.9","000000"
"72405013743","2014-08-29","38.8472","-77.03454","3.0","WASHINGTON REAGAN NATIONAL AIRPORT, VA US","  74.2","24","  52.0","24","1020.7","24","018.3","24"," 10.0","24","  5.7","24","  8.9","999.9","  86.0"," ","  64.9"," "," 0.00","G","999.9","000000"
"72405013743","2014-08-30","38.8472","-77.03454","3.0","WASHINGTON REAGAN NATIONAL AIRPORT, VA US","  76.2","24","  62.1","24","1022.6","23","020.4","24"," 10.0","24","  5.4","24","  8.9","999.9","  86.0"," ","  64.9"," "," 0.00","G","999.9","000000"
"72405013743","2014-08-31","38.8472","-77.03454","3.0","WASHINGTON REAGAN NATIONAL AIRPORT, VA US","  83.5","24","  70.4","24","1018.8","21","016.5","24","  9.5","24","  9.1","24"," 15.0"," 22.0","  96.1"," ","  70.0"," "," 0.00","G","999.9","010010"
"72405013743","2014-09-01","38.8472","-77.03454","3.0","WASHINGTON REAGAN NATIONAL AIRPORT, VA US","  81.4","24","  72.1","24","1016.0","20","013.9","24","  9.5","24","  4.8","24"," 12.0"," 24.1","  96.1"," ","  75.9"," "," 0.27","G","999.9","010010"
"72405013743","2014-09-02","38.8472","-77.03454","3.0","WASHINGTON REAGAN NATIONAL AIRPORT, VA US","  85.1","24","  71.3","24","1014.1","23","011.8","24"," 10.0","24","  5.9","24"," 18.1"," 28.9","  95.0"," ","  75.9"," "," 0.02","G","999.9","010010"
"72405013743","2014-09-03","38.8472","-77.03454","3.0","WASHINGTON REAGAN NATIONAL AIRPORT, VA US","  81.7","24","  68.5","24","1016.0","24","013.4","24"," 10.0","24","  3.6","24","  9.9"," 15.0","  95.0"," ","  77.0"," "," 0.08","G","999.9","010010"
"72405013743","2014-09-04","38.8472","-77.03454","3.0","WASHINGTON REAGAN NATIONAL AIRPORT, VA US","  81.0","24","  66.1","24","1020.6","24","018.2","24"," 10.0","24","  4.2","24","  8.9","999.9","  90.0","*","  73.4","*"," 0.00","G","999.9","000000"
"72405013743","2014-09-05","38.8472","-77.03454","3.0","WASHINGTON REAGAN NATIONAL AIRPORT, VA US","  82.7","24","  71.1","24","1019.8","23","017.7","24"," 10.0","24","  6.2","24"," 12.0","999.9","  93.0"," ","  73.9"," "," 0.00","G","999.9","000000"
"72405013743","2014-09-06","38.8472","-77.03454","3.0","WASHINGTON REAGAN NATIONAL AIRPORT, VA US","  84.8","24","  71.7","24","1015.2","21","012.8","24"," 10.0","24","  8.6","24"," 21.0"," 28.0","  95.0"," ","  75.9"," "," 0.00","G","999.9","010010"
"72405013743","2014-09-07","38.8472","-77.03454","3.0","WASHINGTON REAGAN NATIONAL AIRPORT, VA US","  76.3","24","  60.0","24","1018.5","19","015.3","24","  9.8","24","  9.0","24"," 17.1"," 18.1","  95.0"," ","  70.0"," "," 0.10","G","999.9","010010"
"72405013743","2014-09-08","38.8472","-77.03454","3.0","WASHINGTON REAGAN NATIONAL AIRPORT, VA US","  73.7","24","  57.8","24","1022.4","23","020.2","24"," 10.0","24","  8.4","24"," 15.0"," 22.9","  84.0"," ","  70.0"," "," 0.00","G","999.9","010000"
"72405013743","2014-09-09","38.8472","-77.03454","3.0","WASHINGTON REAGAN NATIONAL AIRPORT, VA US","  73.4","24","  61.8","24","1021.5","23","019.2","24"," 10.0","24","  9.1","24"," 11.1","999.9","  79.0","*","  69.8","*"," 0.00","G","999.9","000000"
"72405013743","2014-09-10","38.8472","-77.03454","3.0","WASHINGTON REAGAN NATIONAL AIRPORT, VA US","  75.1","24","  63.0","24","1019.0","22","016.9","24"," 10.0","24","  7.0","24","  9.9","999.9","  82.9"," ","  70.0"," "," 0.00","G","999.9","000000"
"72405013743","2014-09-11","38.8472","-77.03454","3.0","WASHINGTON REAGAN NATIONAL AIRPORT, VA US","  79.4","24","  65.6","24","1013.7","24","011.4","24"," 10.0","24","  9.2","24"," 15.0"," 19.0","  91.0"," ","  71.1"," "," 0.00","G","999.9","000000"
"72405013743","2014-09-12","38.8472","-77.03454","3.0","WASHINGTON REAGAN NATIONAL AIRPORT, VA US","  75.3","24","  57.8","24","1018.0","24","015.7","24"," 10.0","24","  9.2","24"," 17.1"," 20.0","  91.0"," ","  66.9"," "," 0.00","G","999.9","000000"
"72405013743","2014-09-13","38.8472","-77.03454","3.0","WASHINGTON REAGAN NATIONAL AIRPORT, VA US","  69.6","24","  56.8","24","1020.3","23","018.0","24","  9.7","24","  6.5","24"," 14.0"," 21.0","  73.0","*","  66.2","*"," 0.00","G","999.9","010000"
"72405013743","2014-09-14","38.8472","-77.03454","3.0","WASHINGTON REAGAN NATIONAL AIRPORT, VA US","  65.2","24","  49.2","24","1024.6","24","022.3","24"," 10.0","24","  6.6","24","  9.9","999.9","  73.9"," ","  55.9"," "," 0.23","G","999.9","000000"
"72405013743","2014-09-15","38.8472","-77.03454","3.0","WASHINGTON REAGAN NATIONAL AIRPORT, VA US","  67.0","24","  51.0","24","1023.0","24","020.7","24"," 10.0","24","  3.2","24","  9.9","999.9","  77.0"," ","  55.9"," "," 0.00","G","999.9","000000"
"72405013743","2014-09-16","38.8472","-77.03454","3.0","WASHINGTON REAGAN NATIONAL AIRPORT, VA US","  72.1","24","  55.8","24","1017.0","23","014.6","24"," 10.0","24","  8.4","24"," 15.0"," 21.0","  80.1"," ","  57.9"," "," 0.00","G","999.9","000000"
"72405013743","2014-09-17","38.8472","-77.03454","3.0","WASHINGTON REAGAN NATIONAL AIRPORT, VA US","  68.5","24","  50.6","24","1016.8","24","014.5","24"," 10.0","24","  4.3","24"," 11.1","999.9","  80.1"," ","  59.0"," "," 0.00","G","999.9","000000"
"72405013743","2014-09-18","38.8472","-77.03454","3.0","WASHINGTON REAGAN NATIONAL AIRPORT, VA US","  70.5","24","  54.1","24","1015.7","24","013.3","24"," 10.0","24","  3.9","24"," 12.0"," 19.0","  81.0"," ","  59.0"," "," 0.00","G","999.9","000000"
"72405013743","2014-09-19","38.8472","-77.03454","3.0","WASHINGTON REAGAN NATIONAL AIRPORT, VA US","  69.0","24","  55.8","24","1022.3","24","020.0","24","  9.7","24","  5.9","24","  9.9","999.9","  81.0"," ","  61.0"," "," 0.00","G","999.9","000000"
"72405013743","2014-09-20","38.8472","-77.03454","3.0","WASHINGTON REAGAN NATIONAL AIRPORT, VA US","  72.4","24","  58.5","24","1023.6","24","021.3","24","  9.7","24","  4.5","24","  9.9"," 15.0","  84.0"," ","  61.0"," "," 0.00","G","999.9","000000"
"72405013743","2014-09-21","38.8472","-77.03454","3.0","WASHINGTON REAGAN NATIONAL AIRPORT, VA US","  73.4","24","  60.4","24","1011.9","24","009.6","24","  9.9","24","  4.7","24","  9.9","999.9","  86.0"," ","  64.0"," "," 0.00","G","999.9","000000"
"72405013743","2014-09-22","38.8472","-77.03454","3.0","WASHINGTON REAGAN NATIONAL AIRPORT, VA US","  73.0","24","  48.5","24","1012.7","24","010.3","24"," 10.0","24"," 11.9","24"," 19.0"," 25.1","  86.0"," ","  64.0"," "," 0.00","G","999.9","000000"
"72405013743","2014-09-23","38.8472","-77.03454","3.0","WASHINGTON REAGAN NATIONAL AIRPORT, VA US","  63.3","24","  42.1","24","1025.8","24","023.5","24"," 10.0","24","  6.3","24","  9.9","999.9","  75.9"," ","  54.0"," "," 0.00","G","999.9","000000"
"72405013743","2014-09-24","38.8472","-77.03454","3.0","WASHINGTON REAGAN NATIONAL AIRPORT, VA US","  65.2","24","  51.6","24","1029.8","23","027.6","24","  9.9","24","  8.1","24"," 17.1"," 22.0","  75.0"," ","  54.0"," "," 0.00","G","999.9","010000"
"72405013743","2014-09-25","38.8472","-77.03454","3.0","WASHINGTON REAGAN NATIONAL AIRPORT, VA US","  65.7","24","  59.2","24","1026.3","15","023.7","24","  7.6","24"," 12.0","24"," 15.9"," 21.0","  73.0"," ","  59.0"," "," 0.59","G","999.9","010000"
"72405013743","2014-09-26","38.8472","-77.03454","3.0","WASHINGTON REAGAN NATIONAL AIRPORT, VA US","  68.7","24","  55.9","24","1024.0","24","021.7","24"," 10.0","24","  7.4","24","  9.9","999.9","  78.1","*","  60.1","*"," 0.12","G","999.9","000000"
"72405013743","2014-09-27","38.8472","-77.03454","3.0","WASHINGTON REAGAN NATIONAL AIRPORT, VA US","  70.7","24","  54.2","24","1023.3","24","021.0","24"," 10.0","24","  3.2","24","  6.0","999.9","  84.9"," ","  60.1"," "," 0.00","G","999.9","000000"
"72405013743","2014-09-28","38.8472","-77.03454","3.0","WASHINGTON REAGAN NATIONAL AIRPORT, VA US","  71.0","24","  57.4","24","1021.5","24","019.2","24"," 10.0","24","  2.3","24","  8.9","999.9","  84.9"," ","  60.1"," "," 0.00","G","999.9","000000"
"72405013743","2014-09-29","38.8472","-77.03454","3.0","WASHINGTON REAGAN NATIONAL AIRPORT, VA US","  69.9","24","  60.9","24","1016.3","24","014.0","24"," 10.0","24","  3.7","24","  9.9","999.9","  82.0"," ","  61.0"," "," 0.00","G","999.9","000000"
"72405013743","2014-09-30","38.8472","-77.03454","3.0","WASHINGTON REAGAN NATIONAL AIRPORT, VA US","  70.5","24","  62.1","24","1013.1","20","010.9","24","  9.0","24","  4.4","24","  8.0","999.9","  79.0"," ","  64.9"," "," 0.00","G","999.9","000000"
"72405013743","2014-10-01","38.8472","-77.03454","3.0","WASHINGTON REAGAN NATIONAL AIRPORT, VA US","  70.3","24","  60.7","24","1015.4","20","013.1","24","  9.8","24","  5.3","24","  8.9","999.9","  79.0"," ","  66.0"," "," 0.04","G","999.9","010000"
"72405013743","2014-10-02","38.8472","-77.03454","3.0","WASHINGTON REAGAN NATIONAL AIRPORT, VA US","  68.9","24","  58.7","24","1019.1","23","016.8","24","  9.2","24","  2.8","24","  8.0","999.9","  78.1","*","  62.6","*"," 0.01","G","999.9","000000"
"72405013743","2014-10-03","38.8472","-77.03454","3.0","WASHINGTON REAGAN NATIONAL AIRPORT, VA US","  68.2","24","  58.9","24","1017.0","20","014.5","24"," 10.0","24","  5.5","24"," 12.0"," 20.0","  78.1"," ","  63.0"," "," 0.00","G","999.9","010000"
"72405013743","2014-10-04","38.8472","-77.03454","3.0","WASHINGTON REAGAN NATIONAL AIRPORT, VA US","  68.5","24","  54.1","24","1005.4","19","002.8","24","  9.5","24"," 10.9","24"," 21.0"," 27.0","  73.0"," ","  55.9"," "," 0.12","G","999.9","010000"
"72405013743","2014-10-05","38.8472","-77.03454","3.0","WASHINGTON REAGAN NATIONAL AIRPORT, VA US","  54.8","24","  33.0","24","1012.0","24","009.7","24"," 10.0","24","  6.5","24"," 18.1"," 27.0","  72.0"," ","  44.1"," "," 0.03","G","999.9","000000"
"72405013743","2014-10-06","38.8472","-77.03454","3.0","WASHINGTON REAGAN NATIONAL AIRPORT, VA US","  61.1","24","  43.1","24","1015.4","24","013.1","24"," 10.0","24","  8.4","24"," 17.1"," 28.0","  77.0"," ","  44.1"," "," 0.00","G","999.9","000000"
"72405013743","2014-10-07","38.8472","-77.03454","3.0","WASHINGTON REAGAN NATIONAL AIRPORT, VA US","  67.5","24","  51.2","24","1016.0","24","013.8","24"," 10.0","24"," 10.3","24"," 15.9"," 22.9","  77.0"," ","  48.9"," "," 0.00","G","999.9","010000"
"72405013743","2014-10-08","38.8472","-77.03454","3.0","WASHINGTON REAGAN NATIONAL AIRPORT, VA US","  69.0","24","  53.3","24","1012.7","24","010.3","24"," 10.0","24","  8.4","24"," 15.0"," 20.0","  80.1"," ","  59.0"," "," 0.15","G","999.9","010010"
"72405013743","2014-10-09","38.8472","-77.03454","3.0","WASHINGTON REAGAN NATIONAL AIRPORT, VA US","  66.4","24","  43.6","24","1018.0","24","015.7","24"," 10.0","24","  6.2","24"," 14.0"," 15.0","  80.1"," ","  55.9"," "," 0.00","G","999.9","000000"
"72405013743","2014-10-10","38.8472","-77.03454","3.0","WASHINGTON REAGAN NATIONAL AIRPORT, VA US","  64.0","24","  48.4","24","1019.1","24","016.9","24"," 10.0","24","  5.9","24","  8.9","999.9","  75.0"," ","  55.9"," "," 0.00","G","999.9","010000"
"72405013743","2014-10-11","38.8472","-77.03454","3.0","WASHINGTON REAGAN NATIONAL AIRPORT, VA US","  57.4","24","  51.3","24","1018.2","18","015.7","24","  7.8","24","  7.4","24"," 13.0","999.9","  66.0"," ","  55.0"," "," 0.39","G","999.9","010000"
"72405013743","2014-10-12","38.8472","-77.03454","3.0","WASHINGTON REAGAN NATIONAL AIRPORT, VA US","  58.7","24","  47.3","24","1023.7","23","021.2","24","  9.6","24","  5.7","24","  8.0","999.9","  64.9"," ","  53.1"," "," 0.09","G","999.9","000000"
"72405013743","2014-10-13","38.8472","-77.03454","3.0","WASHINGTON REAGAN NATIONAL AIRPORT, VA US","  63.8","24","  55.4","24","1024.7","22","022.5","24","  8.1","24","  1.9","24","  5.1","999.9","  68.0"," ","  53.1"," "," 0.00","G","999.9","010000"
"72405013743","2014-10-14","38.8472","-77.03454","3.0","WASHINGTON REAGAN NATIONAL AIRPORT, VA US","  71.6","24","  63.8","24","1019.2","17","017.8","24","  7.7","24","  6.3","24"," 20.0"," 28.0","  82.0"," ","  61.0"," "," 0.10","G","999.9","100000"
"72405013743","2014-10-15","38.8472","-77.03454","3.0","WASHINGTON REAGAN NATIONAL AIRPORT, VA US","  74.5","24","  66.1","24","1012.4","14","009.8","24","  9.0","24"," 10.8","24"," 15.9"," 28.9","  82.0"," ","  64.0"," "," 0.02","G","999.9","110010"
"72405013743","2014-10-16","38.8472","-77.03454","3.0","WASHINGTON REAGAN NATIONAL AIRPORT, VA US","  63.6","24","  57.1","24","1007.5","16","005.2","24","  9.1","24","  5.3","24","  9.9","999.9","  80.1"," ","  60.1"," "," 1.42","G","999.9","010000"
"72405013743","2014-10-17","38.8472","-77.03454","3.0","WASHINGTON REAGAN NATIONAL AIRPORT, VA US","  64.8","24","  52.9","24","1008.0","24","005.8","24"," 10.0","24","  6.0","24"," 13.0"," 18.1","  75.0"," ","  55.9"," "," 0.02","G","999.9","010000"
"72405013743","2014-10-18","38.8472","-77.03454","3.0","WASHINGTON REAGAN NATIONAL AIRPORT, VA US","  64.5","24","  48.6","24","1005.6","24","003.3","24"," 10.0","24","  9.6","24"," 18.1"," 26.0","  75.0"," ","  55.9"," "," 0.00","G","999.9","000000"
"72405013743","2014-10-19","38.8472","-77.03454","3.0","WASHINGTON REAGAN NATIONAL AIRPORT, VA US","  56.5","24","  34.6","24","1015.0","24","012.7","24"," 10.0","24"," 11.3","24"," 17.1"," 25.1","  73.9"," ","  51.1"," "," 0.00","G","999.9","000000"
"72405013743","2014-10-20","38.8472","-77.03454","3.0","WASHINGTON REAGAN NATIONAL AIRPORT, VA US","  56.2","24","  39.7","24","1018.5","24","016.1","24"," 10.0","24","  6.3","24"," 14.0"," 24.1","  70.0"," ","  45.0"," "," 0.00","G","999.9","000000"
"72405013743","2014-10-21","38.8472","-77.03454","3.0","WASHINGTON REAGAN NATIONAL AIRPORT, VA US","  61.4","24","  48.1","24","1012.0","24","009.6","24"," 10.0","24","  4.5","24"," 14.0"," 18.1","  73.0"," ","  45.0"," "," 0.01","G","999.9","010000"
"72405013743","2014-10-22","38.8472","-77.03454","3.0","WASHINGTON REAGAN NATIONAL AIRPORT, VA US","  56.3","24","  49.9","24","1012.8","17","010.5","24","  7.3","24"," 11.2","24"," 18.1"," 25.1","  73.0"," ","  54.0"," "," 0.62","G","999.9","010000"
"72405013743","2014-10-23","38.8472","-77.03454","3.0","WASHINGTON REAGAN NATIONAL AIRPORT, VA US","  58.9","24","  43.0","24","1012.4","24","010.2","24"," 10.0","24"," 14.6","24"," 21.0"," 31.1","  66.9"," ","  54.0"," "," 0.47","G","999.9","000000"
"72405013743","2014-10-24","38.8472","-77.03454","3.0","WASHINGTON REAGAN NATIONAL AIRPORT, VA US","  62.7","24","  40.2","24","1013.5","24","011.3","24"," 10.0","24","  9.9","24"," 15.9"," 22.9","  71.1"," ","  54.0"," "," 0.00","G","999.9","000000"
"72405013743","2014-10-25","38.8472","-77.03454","3.0","WASHINGTON REAGAN NATIONAL AIRPORT, VA US","  61.2","24","  40.0","24","1012.9","24","010.7","24"," 10.0","24","  6.9","24"," 12.0"," 19.0","  73.9"," ","  48.9"," "," 0.00","G","999.9","000000"
"72405013743","2014-10-26","38.8472","-77.03454","3.0","WASHINGTON REAGAN NATIONAL AIRPORT, VA US","  64.2","24","  36.2","24","1007.8","24","005.5","24"," 10.0","24","  9.2","24"," 19.0"," 27.0","  73.9"," ","  48.9"," "," 0.00","G","999.9","000000"
"72405013743","2014-10-27","38.8472","-77.03454","3.0","WASHINGTON REAGAN NATIONAL AIRPORT, VA US","  58.6","24","  36.0","24","1016.4","24","014.1","24"," 10.0","24","  4.2","24","  8.9","999.9","  73.0"," ","  46.0"," "," 0.00","G","999.9","000000"
"72405013743","2014-10-28","38.8472","-77.03454","3.0","WASHINGTON REAGAN NATIONAL AIRPORT, VA US","  64.3","24","  47.3","24","1016.4","24","014.0","24"," 10.0","24","  7.6","24"," 11.1","999.9","  80.1"," ","  46.0"," "," 0.00","G","999.9","000000"
"72405013743","2014-10-29","38.8472","-77.03454","3.0","WASHINGTON REAGAN NATIONAL AIRPORT, VA US","  65.1","24","  53.6","24","1013.9","24","011.6","24","  9.7","24","  6.4","24"," 18.1"," 22.9","  80.1"," ","  57.0"," "," 0.00","G","999.9","010000"
"72405013743","2014-10-30","38.8472","-77.03454","3.0","WASHINGTON REAGAN NATIONAL AIRPORT, VA US","  55.4","24","  42.0","24","1016.9","24","014.5","24"," 10.0","24","  5.8","24"," 13.0"," 15.9","  70.0"," ","  48.9"," "," 0.03","G","999.9","000000"
"72405013743","2014-10-31","38.8472","-77.03454","3.0","WASHINGTON REAGAN NATIONAL AIRPORT, VA US","  52.7","24","  36.0","24","1015.4","24","013.0","24"," 10.0","24","  4.8","24","  8.9","999.9","  63.0"," ","  46.0"," "," 0.00","G","999.9","000000"
"72405013743","2014-11-01","38.8472","-77.03454","3.0","WASHINGTON REAGAN NATIONAL AIRPORT, VA US","  52.5","24","  37.8","24","1009.7","24","007.4","24"," 10.0","24"," 11.6","24"," 20.0"," 27.0","  59.0"," ","  46.0"," "," 0.00","G","999.9","010000"
"72405013743","2014-11-02","38.8472","-77.03454","3.0","WASHINGTON REAGAN NATIONAL AIRPORT, VA US","  48.9","24","  26.7","24","1016.4","24","013.7","24"," 10.0","24"," 18.1","24"," 29.9"," 36.9","  54.0"," ","  45.0"," "," 0.00","G","999.9","010000"
"72405013743","2014-11-03","38.8472","-77.03454","3.0","WASHINGTON REAGAN NATIONAL AIRPORT, VA US","  52.2","24","  20.0","24","1024.9","24","022.5","24"," 10.0","24","  8.6","24"," 14.0"," 21.0","  66.0"," ","  44.1"," "," 0.00","G","999.9","000000"
"72405013743","2014-11-04","38.8472","-77.03454","3.0","WASHINGTON REAGAN NATIONAL AIRPORT, VA US","  55.7","24","  35.3","24","1022.7","24","020.4","24"," 10.0","24","  3.5","24","  8.0","999.9","  69.1"," ","  44.1"," "," 0.00","G","999.9","000000"
"72405013743","2014-11-05","38.8472","-77.03454","3.0","WASHINGTON REAGAN NATIONAL AIRPORT, VA US","  60.3","24","  40.9","24","1020.5","24","018.2","24"," 10.0","24","  4.8","24","  8.0","999.9","  69.1"," ","  46.9"," "," 0.00","G","999.9","010000"
"72405013743","2014-11-06","38.8472","-77.03454","3.0","WASHINGTON REAGAN NATIONAL AIRPORT, VA US","  58.6","24","  51.8","24","1014.0","23","011.6","24","  8.2","24","  3.9","24"," 15.0"," 19.0","  68.0"," ","  54.0"," "," 0.26","G","999.9","010000"
"72405013743","2014-11-07","38.8472","-77.03454","3.0","WASHINGTON REAGAN NATIONAL AIRPORT, VA US","  54.9","24","  36.0","24","1009.7","24","006.8","24"," 10.0","24"," 11.3","24"," 19.0"," 28.9","  64.9"," ","  48.9"," "," 0.26","G","999.9","000000"
"72405013743","2014-11-08","38.8472","-77.03454","3.0","WASHINGTON REAGAN NATIONAL AIRPORT, VA US","  45.3","24","  25.0","24","1017.3","24","015.0","24"," 10.0","24","  7.6","24"," 14.0"," 20.0","  57.9"," ","  36.0"," "," 0.00","G","999.9","000000"
"72405013743","2014-11-09","38.8472","-77.03454","3.0","WASHINGTON REAGAN NATIONAL AIRPORT, VA US","  51.5","24","  35.3","24","1014.6","24","012.2","24"," 10.0","24","  3.7","24","  8.0","999.9","  61.0"," ","  36.0"," "," 0.00","G","999.9","000000"
"72405013743","2014-11-10","38.8472","-77.03454","3.0","WASHINGTON REAGAN NATIONAL AIRPORT, VA US","  52.1","24","  39.1","24","1019.3","24","016.9","24","  9.3","24","  2.4","24","  8.9","999.9","  66.0"," ","  42.1"," "," 0.00","G","999.9","000000"
"72405013743","2014-11-11","38.8472","-77.03454","3.0","WASHINGTON REAGAN NATIONAL AIRPORT, VA US","  55.8","24","  45.3","24","1018.3","22","015.5","24","  9.8","24","  2.5","24","  8.0","999.9","  71.6","*","  45.0","*"," 0.00","G","999.9","000000"
"72405013743","2014-11-12","38.8472","-77.03454","3.0","WASHINGTON REAGAN NATIONAL AIRPORT, VA US","  63.0","24","  50.3","24","1015.0","17","011.6","24","  7.9","24","  7.8","24"," 21.0"," 22.0","  71.1"," ","  44.1"," "," 0.00","G","999.9","100000"
"72405013743","2014-11-13","38.8472","-77.03454","3.0","WASHINGTON REAGAN NATIONAL AIRPORT, VA US","  46.2","24","  27.1","24","1020.1","24","017.9","24"," 10.0","24","  9.3","24"," 13.0"," 19.0","  68.0"," ","  41.0"," "," 0.00","G","999.9","010000"
"72405013743","2014-11-14","38.8472","-77.03454","3.0","WASHINGTON REAGAN NATIONAL AIRPORT, VA US","  40.0","24","  23.1","24","1021.1","24","018.6","24","  9.9","24"," 11.3","24"," 18.1"," 24.1","  48.0"," ","  35.1"," "," 0.03","G","999.9","011000"
"72405013743","2014-11-15","38.8472","-77.03454","3.0","WASHINGTON REAGAN NATIONAL AIRPORT, VA US","  38.4","24","  16.5","24","1028.0","24","025.8","24"," 10.0","24","  7.4","24"," 12.0"," 17.1","  46.9"," ","  32.0"," "," 0.00","G","999.9","000000"
"72405013743","2014-11-16","38.8472","-77.03454","3.0","WASHINGTON REAGAN NATIONAL AIRPORT, VA US","  42.0","24","  23.7","24","1027.1","24","024.7","24"," 10.0","24","  5.8","24"," 11.1","999.9","  48.0"," ","  32.0"," "," 0.00","G","999.9","010000"
"72405013743","2014-11-17","38.8472","-77.03454","3.0","WASHINGTON REAGAN NATIONAL AIRPORT, VA US","  46.4","24","  38.1","24","1014.7","15","009.1","24","  8.0","24","  4.8","24"," 14.0"," 22.0","  52.0"," ","  37.0"," "," 0.13","G","999.9","010000"
"72405013743","2014-11-18","38.8472","-77.03454","3.0","WASHINGTON REAGAN NATIONAL AIRPORT, VA US","  36.0","24","  11.4","24","1014.0","24","011.7","24"," 10.0","24"," 15.7","24"," 22.0"," 31.1","  52.0"," ","  28.0"," "," 0.59","G","999.9","000000"
"72405013743","2014-11-19","38.8472","-77.03454","3.0","WASHINGTON REAGAN NATIONAL AIRPORT, VA US","  29.5","24","   5.0","24","1025.6","24","023.3","24"," 10.0","24","  7.8","24"," 14.0"," 18.1","  42.1"," ","  21.9"," "," 0.00","G","999.9","000000"
"72405013743","2014-11-20","38.8472","-77.03454","3.0","WASHINGTON REAGAN NATIONAL AIRPORT, VA US","  42.9","24","  17.6","24","1016.2","24","013.9","24"," 10.0","24"," 10.9","24"," 15.9"," 21.0","  55.9"," ","  21.9"," "," 0.00","G","999.9","000000"
"72405013743","2014-11-21","38.8472","-77.03454","3.0","WASHINGTON REAGAN NATIONAL AIRPORT, VA US","  37.2","24","   8.8","24","1026.1","24","024.4","24"," 10.0","24"," 12.2","24"," 22.9"," 29.9","  55.9"," ","  30.0"," "," 0.00","G","999.9","000000"
"72405013743","2014-11-22","38.8472","-77.03454","3.0","WASHINGTON REAGAN NATIONAL AIRPORT, VA US","  36.5","24","  15.4","24","1032.6","24","030.3","24"," 10.0","24","  6.1","24"," 14.0"," 22.9","  52.0"," ","  26.1"," "," 0.00","G","999.9","000000"
"72405013743","2014-11-23","38.8472","-77.03454","3.0","WASHINGTON REAGAN NATIONAL AIRPORT, VA US","  46.9","24","  23.8","24","1023.1","24","020.8","24"," 10.0","24","  5.3","24","  9.9","999.9","  57.0"," ","  26.1"," "," 0.00","G","999.9","000000"
"72405013743","2014-11-24","38.8472","-77.03454","3.0","WASHINGTON REAGAN NATIONAL AIRPORT, VA US","  63.4","24","  53.1","24","1006.3","18","004.8","24","  9.3","24"," 11.2","24"," 18.1"," 25.1","  73.9","*","  53.1","*"," 0.31","G","999.9","010000"
"72405013743","2014-11-25","38.8472","-77.03454","3.0","WASHINGTON REAGAN NATIONAL AIRPORT, VA US","  59.6","24","  43.0","24","1013.5","24","011.2","24"," 10.0","24","  7.4","24"," 15.0","999.9","  73.9"," ","  52.0"," "," 0.18","G","999.9","000000"
"72405013743","2014-11-26","38.8472","-77.03454","3.0","WASHINGTON REAGAN NATIONAL AIRPORT, VA US","  45.1","24","  35.7","24","1018.8","16","015.8","24","  7.6","24","  6.2","24"," 15.9"," 22.0","  53.1","*","  37.0","*"," 0.26","G","999.9","011000"
"72405013743","2014-11-27","38.8472","-77.03454","3.0","WASHINGTON REAGAN NATIONAL AIRPORT, VA US","  41.5","24","  31.4","24","1017.4","23","014.9","24"," 10.0","24","  5.8","24"," 12.0"," 20.0","  51.1"," ","  36.0"," "," 0.80","G","999.9","010000"
"72405013743","2014-11-28","38.8472","-77.03454","3.0","WASHINGTON REAGAN NATIONAL AIRPORT, VA US","  38.5","24","  21.6","24","1024.2","24","021.9","24"," 10.0","24","  8.2","24"," 12.0"," 20.0","  48.9"," ","  34.0"," "," 0.00","G","999.9","000000"
"72405013743","2014-11-29","38.8472","-77.03454","3.0","WASHINGTON REAGAN NATIONAL AIRPORT, VA US","  39.6","24","  21.5","24","1026.0","24","023.7","24"," 10.0","24","  4.8","24","  9.9","999.9","  48.9"," ","  34.0"," "," 0.00","G","999.9","000000"
"72405013743","2014-11-30","38.8472","-77.03454","3.0","WASHINGTON REAGAN NATIONAL AIRPORT, VA US","  49.4","24","  33.9","24","1020.8","24","018.5","24"," 10.0","24","  7.8","24"," 12.0","999.9","  66.0"," ","  34.0"," "," 0.00","G","999.9","000000"
"72405013743","2014-12-01","38.8472","-77.03454","3.0","WASHINGTON REAGAN NATIONAL AIRPORT, VA US","  59.0","24","  45.2","24","1021.6","24","019.3","24"," 10.0","24","  8.1","24"," 18.1"," 22.9","  70.0"," ","  42.1"," "," 0.00","G","999.9","010000"
"72405013743","2014-12-02","38.8472","-77.03454","3.0","WASHINGTON REAGAN NATIONAL AIRPORT, VA US","  42.4","24","  33.8","24","1032.7","17","030.2","24","  7.2","24","  9.9","24"," 20.0"," 25.1","  70.0"," ","  37.0"," "," 0.33","G","999.9","010000"
"72405013743","2014-12-03","38.8472","-77.03454","3.0","WASHINGTON REAGAN NATIONAL AIRPORT, VA US","  44.8","24","  39.5","24","1023.0","22","021.1","24","  8.3","24","  6.5","24"," 12.0","999.9","  55.0"," ","  37.0"," "," 0.53","G","999.9","010000"
"72405013743","2014-12-04","38.8472","-77.03454","3.0","WASHINGTON REAGAN NATIONAL AIRPORT, VA US","  44.3","24","  26.7","24","1028.8","24","026.5","24"," 10.0","24","  5.7","24"," 15.9"," 21.0","  55.0"," ","  37.0"," "," 0.05","G","999.9","000000"
"72405013743","2014-12-05","38.8472","-77.03454","3.0","WASHINGTON REAGAN NATIONAL AIRPORT, VA US","  43.4","24","  30.8","24","1032.5","24","030.2","24"," 10.0","24","  3.4","24","  7.0","999.9","  46.9"," ","  37.0"," "," 0.00","G","999.9","010000"
"72405013743","2014-12-06","38.8472","-77.03454","3.0","WASHINGTON REAGAN NATIONAL AIRPORT, VA US","  46.9","24","  40.9","24","1024.5","18","021.3","24","  7.4","24","  4.9","24","  9.9","999.9","  53.6","*","  43.0","*"," 0.01","G","999.9","010000"
"72405013743","2014-12-07","38.8472","-77.03454","3.0","WASHINGTON REAGAN NATIONAL AIRPORT, VA US","  44.8","24","  29.0","24","1029.3","22","026.0","24","  9.2","24"," 15.8","24"," 22.0"," 29.9","  53.1"," ","  37.9"," "," 0.48","G","999.9","010000"
"72405013743","2014-12-08","38.8472","-77.03454","3.0","WASHINGTON REAGAN NATIONAL AIRPORT, VA US","  37.4","24","  20.1","24","1033.9","24","031.8","24"," 10.0","24","  9.7","24"," 13.0","999.9","  50.0"," ","  35.1"," "," 0.00","G","999.9","000000"
"72405013743","2014-12-09","38.8472","-77.03454","3.0","WASHINGTON REAGAN NATIONAL AIRPORT, VA US","  38.5","24","  32.1","24","1017.4","17","016.5","24","  7.0","24"," 11.5","24"," 14.0"," 21.0","  45.0"," ","  35.1"," "," 0.13","G","999.9","010000"
"72405013743","2014-12-10","38.8472","-77.03454","3.0","WASHINGTON REAGAN NATIONAL AIRPORT, VA US","  46.3","24","  31.6","24","1010.8","24","008.5","24"," 10.0","24"," 14.2","24"," 22.9"," 32.1","  51.1"," ","  35.1"," "," 0.20","G","999.9","000000"
"72405013743","2014-12-11","38.8472","-77.03454","3.0","WASHINGTON REAGAN NATIONAL AIRPORT, VA US","  40.4","24","  20.0","24","1012.1","24","009.7","24"," 10.0","24"," 11.2","24"," 17.1"," 27.0","  51.1"," ","  36.0"," "," 0.00","G","999.9","001000"
"72405013743","2014-12-12","38.8472","-77.03454","3.0","WASHINGTON REAGAN NATIONAL AIRPORT, VA US","  43.1","24","  16.4","24","1017.7","24","015.4","24"," 10.0","24"," 10.6","24"," 15.9"," 22.0","  46.9"," ","  36.0"," "," 0.00","G","999.9","000000"
"72405013743","2014-12-13","38.8472","-77.03454","3.0","WASHINGTON REAGAN NATIONAL AIRPORT, VA US","  39.8","24","  25.5","24","1019.3","24","017.0","24","  9.4","24","  5.4","24"," 13.0","999.9","  48.9"," ","  30.9"," "," 0.00","G","999.9","000000"
"72405013743","2014-12-14","38.8472","-77.03454","3.0","WASHINGTON REAGAN NATIONAL AIRPORT, VA US","  43.7","24","  30.5","24","1015.8","24","013.5","24"," 10.0","24","  6.1","24"," 13.0"," 22.0","  57.0"," ","  30.9"," "," 0.00","G","999.9","000000"
"72405013743","2014-12-15","38.8472","-77.03454","3.0","WASHINGTON REAGAN NATIONAL AIRPORT, VA US","  48.8","24","  37.5","24","1018.0","24","015.7","24"," 10.0","24","  4.2","24"," 12.0","999.9","  57.9"," ","  34.0"," "," 0.00","G","999.9","000000"
"72405013743","2014-12-16","38.8472","-77.03454","3.0","WASHINGTON REAGAN NATIONAL AIRPORT, VA US","  44.8","24","  38.4","24","1016.9","17","013.8","24","  6.7","24","  2.6","24","  7.0","999.9","  57.9"," ","  39.0"," "," 0.00","G","999.9","010000"
"72405013743","2014-12-17","38.8472","-77.03454","3.0","WASHINGTON REAGAN NATIONAL AIRPORT, VA US","  49.0","24","  36.9","24","1014.5","23","012.1","24","  7.7","24","  7.3","24"," 15.0"," 22.9","  57.9"," ","  39.0"," "," 0.40","G","999.9","010000"
"72405013743","2014-12-18","38.8472","-77.03454","3.0","WASHINGTON REAGAN NATIONAL AIRPORT, VA US","  40.7","24","  21.3","24","1019.7","24","017.4","24"," 10.0","24"," 10.6","24"," 15.9"," 24.1","  57.9"," ","  37.0"," "," 0.00","G","999.9","000000"
"72405013743","2014-12-19","38.8472","-77.03454","3.0","WASHINGTON REAGAN NATIONAL AIRPORT, VA US","  39.0","24","  21.8","24","1020.9","24","018.6","24"," 10.0","24","  9.5","24"," 14.0"," 19.0","  43.0"," ","  37.0"," "," 0.00","G","999.9","000000"
"72405013743","2014-12-20","38.8472","-77.03454","3.0","WASHINGTON REAGAN NATIONAL AIRPORT, VA US","  35.7","24","  20.6","24","1025.4","23","023.1","24"," 10.0","24","  5.1","24"," 11.1","999.9","  43.0"," ","  30.0"," "," 0.00","G","999.9","000000"
"72405013743","2014-12-21","38.8472","-77.03454","3.0","WASHINGTON REAGAN NATIONAL AIRPORT, VA US","  39.0","24","  23.0","24","1026.9","24","024.6","24"," 10.0","24","  3.3","24","  7.0","999.9","  45.0"," ","  30.0"," "," 0.00","G","999.9","000000"
"72405013743","2014-12-22","38.8472","-77.03454","3.0","WASHINGTON REAGAN NATIONAL AIRPORT, VA US","  36.2","24","  26.9","24","1025.9","22","023.3","24","  6.8","24","  5.1","24","  8.9","999.9","  45.0"," ","  33.1"," "," 0.00","G","999.9","010000"
"72405013743","2014-12-23","38.8472","-77.03454","3.0","WASHINGTON REAGAN NATIONAL AIRPORT, VA US","  42.0","24","  37.8","24","1018.3","13","016.1","24","  2.5","24","  4.8","24"," 11.1","999.9","  48.0"," ","  33.1"," "," 0.26","G","999.9","110000"
"72405013743","2014-12-24","38.8472","-77.03454","3.0","WASHINGTON REAGAN NATIONAL AIRPORT, VA US","  48.2","24","  44.9","24","1011.5","10","009.6","24","  2.8","24","  2.1","24","  8.0","999.9","  52.0"," ","  39.0"," "," 0.49","G","999.9","110000"
"72405013743","2014-12-25","38.8472","-77.03454","3.0","WASHINGTON REAGAN NATIONAL AIRPORT, VA US","  54.1","24","  40.9","24","1012.0","18","006.5","24","  7.9","24","  8.5","24"," 15.0"," 24.1","  61.0"," ","  46.0"," "," 0.54","G","999.9","110000"
"72405013743","2014-12-26","38.8472","-77.03454","3.0","WASHINGTON REAGAN NATIONAL AIRPORT, VA US","  45.2","24","  30.8","24","1024.8","24","022.6","24"," 10.0","24","  6.3","24"," 11.1","999.9","  61.0"," ","  36.0"," "," 0.12","G","999.9","000000"
"72405013743","2014-12-27","38.8472","-77.03454","3.0","WASHINGTON REAGAN NATIONAL AIRPORT, VA US","  45.1","24","  33.2","24","1024.6","24","022.3","24"," 10.0","24","  1.5","24","  5.1","999.9","  60.1"," ","  36.0"," "," 0.00","G","999.9","000000"
"72405013743","2014-12-28","38.8472","-77.03454","3.0","WASHINGTON REAGAN NATIONAL AIRPORT, VA US","  51.6","24","  38.3","24","1016.5","24","014.2","24"," 10.0","24","  4.1","24","  8.0","999.9","  60.1"," ","  36.0"," "," 0.00","G","999.9","010000"
"72405013743","2014-12-29","38.8472","-77.03454","3.0","WASHINGTON REAGAN NATIONAL AIRPORT, VA US","  46.6","24","  33.7","24","1021.3","24","019.0","24","  9.9","24","  6.0","24","  9.9","999.9","  57.9"," ","  44.1"," "," 0.13","G","999.9","010000"
"72405013743","2014-12-30","38.8472","-77.03454","3.0","WASHINGTON REAGAN NATIONAL AIRPORT, VA US","  41.5","24","  21.4","24","1027.4","24","025.1","24"," 10.0","24","  8.1","24"," 12.0"," 15.0","  48.0"," ","  37.9"," "," 0.05","G","999.9","000000"
"72405013743","2014-12-31","38.8472","-77.03454","3.0","WASHINGTON REAGAN NATIONAL AIRPORT, VA US","  34.5","24","  13.3","24","1029.8","24","027.5","24"," 10.0","24","  5.4","24"," 11.1"," 15.0","  45.0"," ","  28.9"," "," 0.00","G","999.9","000000"
